<?xml version="1.0"?>
<BundleData>
  <bundleItemsData>
    <bundleItemData itemId="01b62dab-e2fc-4b8b-8b64-29085efb8d67" dataTypeName="Sage.Platform.Projects.Localization.ResourcePackageCollection, Sage.Platform.Projects">
      <ArrayOfResourcePackage xmlns:xsi="http://www.w3.org/2001/XMLSchema-instance" xmlns:xsd="http://www.w3.org/2001/XMLSchema">
        <ResourcePackage>
          <ResourceKey>UserLoginAudit.DisplayName</ResourceKey>
          <Items>
            <ResourcePackageItem>
              <IsString>true</IsString>
              <CultureName />
              <SerializedResourceData>User Login Audit</SerializedResourceData>
            </ResourcePackageItem>
          </Items>
        </ResourcePackage>
        <ResourcePackage>
          <ResourceKey>UserLoginAudit.DisplayNamePlural</ResourceKey>
          <Items />
        </ResourcePackage>
        <ResourcePackage>
          <ResourceKey>UserLoginAudit.User_login_auditId.DisplayName</ResourceKey>
          <Items>
            <ResourcePackageItem>
              <IsString>true</IsString>
              <CultureName />
              <SerializedResourceData>User Login Auditid</SerializedResourceData>
            </ResourcePackageItem>
          </Items>
        </ResourcePackage>
        <ResourcePackage>
          <ResourceKey>UserLoginAudit.CreateUser.DisplayName</ResourceKey>
          <Items>
            <ResourcePackageItem>
              <IsString>true</IsString>
              <CultureName />
              <SerializedResourceData>Createuser</SerializedResourceData>
            </ResourcePackageItem>
          </Items>
        </ResourcePackage>
        <ResourcePackage>
          <ResourceKey>UserLoginAudit.CreateDate.DisplayName</ResourceKey>
          <Items>
            <ResourcePackageItem>
              <IsString>true</IsString>
              <CultureName />
              <SerializedResourceData>Createdate</SerializedResourceData>
            </ResourcePackageItem>
          </Items>
        </ResourcePackage>
        <ResourcePackage>
          <ResourceKey>UserLoginAudit.ModifyUser.DisplayName</ResourceKey>
          <Items>
            <ResourcePackageItem>
              <IsString>true</IsString>
              <CultureName />
              <SerializedResourceData>Modifyuser</SerializedResourceData>
            </ResourcePackageItem>
          </Items>
        </ResourcePackage>
        <ResourcePackage>
          <ResourceKey>UserLoginAudit.ModifyDate.DisplayName</ResourceKey>
          <Items>
            <ResourcePackageItem>
              <IsString>true</IsString>
              <CultureName />
              <SerializedResourceData>Modifydate</SerializedResourceData>
            </ResourcePackageItem>
          </Items>
        </ResourcePackage>
        <ResourcePackage>
          <ResourceKey>UserLoginAudit.USERID.DisplayName</ResourceKey>
          <Items>
            <ResourcePackageItem>
              <IsString>true</IsString>
              <CultureName />
              <SerializedResourceData>USERID</SerializedResourceData>
            </ResourcePackageItem>
          </Items>
        </ResourcePackage>
        <ResourcePackage>
          <ResourceKey>UserLoginAudit.Login1.DisplayName</ResourceKey>
          <Items>
            <ResourcePackageItem>
              <IsString>true</IsString>
              <CultureName />
              <SerializedResourceData>Login1</SerializedResourceData>
            </ResourcePackageItem>
          </Items>
        </ResourcePackage>
        <ResourcePackage>
          <ResourceKey>UserLoginAudit.Login2.DisplayName</ResourceKey>
          <Items>
            <ResourcePackageItem>
              <IsString>true</IsString>
              <CultureName />
              <SerializedResourceData>Login2</SerializedResourceData>
            </ResourcePackageItem>
          </Items>
        </ResourcePackage>
        <ResourcePackage>
          <ResourceKey>UserLoginAudit.Login3.DisplayName</ResourceKey>
          <Items>
            <ResourcePackageItem>
              <IsString>true</IsString>
              <CultureName />
              <SerializedResourceData>Login3</SerializedResourceData>
            </ResourcePackageItem>
          </Items>
        </ResourcePackage>
        <ResourcePackage>
          <ResourceKey>UserLoginAudit.Login4.DisplayName</ResourceKey>
          <Items>
            <ResourcePackageItem>
              <IsString>true</IsString>
              <CultureName />
              <SerializedResourceData>Login4</SerializedResourceData>
            </ResourcePackageItem>
          </Items>
        </ResourcePackage>
        <ResourcePackage>
          <ResourceKey>UserLoginAudit.Login5.DisplayName</ResourceKey>
          <Items>
            <ResourcePackageItem>
              <IsString>true</IsString>
              <CultureName />
              <SerializedResourceData>Login5</SerializedResourceData>
            </ResourcePackageItem>
          </Items>
        </ResourcePackage>
      </ArrayOfResourcePackage>
      <ArrayOfString xmlns:xsi="http://www.w3.org/2001/XMLSchema-instance" xmlns:xsd="http://www.w3.org/2001/XMLSchema" />
    </bundleItemData>
    <bundleItemData itemId="319f7010-3d22-4b47-adbe-91e8d36d8636" dataTypeName="Sage.Platform.Orm.Entities.BundleSupport.PropertyBundleItem+PropertyData, Sage.Platform">
      <PropertyData xmlns:xsi="http://www.w3.org/2001/XMLSchema-instance" xmlns:xsd="http://www.w3.org/2001/XMLSchema">
        <Resources>
          <ResourcePackage>
            <ResourceKey>UserLoginAudit.User_login_auditId.DisplayName</ResourceKey>
            <Items>
              <ResourcePackageItem>
                <IsString>true</IsString>
                <CultureName />
                <SerializedResourceData>User Login Auditid</SerializedResourceData>
              </ResourcePackageItem>
            </Items>
          </ResourcePackage>
        </Resources>
        <Property xsi:type="OrmFieldProperty" id="319f7010-3d22-4b47-adbe-91e8d36d8636" lastModifiedUtc="2011-01-03T22:26:08.2507185Z" name="User_login_auditId" audited="false" isNullable="false" columnName="USER_LOGIN_AUDITID" maxLength="12" precision="0" scale="0" ordinal="0" isReadOnly="false">
          <ExtendedPropertiesCollection>
            <extendee type="Sage.Platform.Orm.Entities.OrmFieldProperty" />
          </ExtendedPropertiesCollection>
          <SystemDataType guid="30053f5a-8d40-4db1-b185-1e4128eb26cc">
            <StandardIdDataType />
          </SystemDataType>
        </Property>
      </PropertyData>
      <ArrayOfString xmlns:xsi="http://www.w3.org/2001/XMLSchema-instance" xmlns:xsd="http://www.w3.org/2001/XMLSchema" />
    </bundleItemData>
    <bundleItemData itemId="292bc382-f2b5-42d6-b9fd-8ded34cb386c" dataTypeName="Sage.Platform.Orm.Entities.BundleSupport.PropertyBundleItem+PropertyData, Sage.Platform">
      <PropertyData xmlns:xsi="http://www.w3.org/2001/XMLSchema-instance" xmlns:xsd="http://www.w3.org/2001/XMLSchema">
        <Resources>
          <ResourcePackage>
            <ResourceKey>UserLoginAudit.CreateUser.DisplayName</ResourceKey>
            <Items>
              <ResourcePackageItem>
                <IsString>true</IsString>
                <CultureName />
                <SerializedResourceData>Createuser</SerializedResourceData>
              </ResourcePackageItem>
            </Items>
          </ResourcePackage>
        </Resources>
        <Property xsi:type="OrmFieldProperty" id="292bc382-f2b5-42d6-b9fd-8ded34cb386c" lastModifiedUtc="2011-01-03T22:26:08.2819677Z" name="CreateUser" audited="false" columnName="CREATEUSER" maxLength="12" precision="0" scale="0" ordinal="1" isReadOnly="false">
          <ExtendedPropertiesCollection>
            <extendee type="Sage.Platform.Orm.Entities.OrmFieldProperty" />
          </ExtendedPropertiesCollection>
          <SystemDataType guid="30053f5a-8d40-4db1-b185-1e4128eb26cc">
            <StandardIdDataType />
          </SystemDataType>
        </Property>
      </PropertyData>
      <ArrayOfString xmlns:xsi="http://www.w3.org/2001/XMLSchema-instance" xmlns:xsd="http://www.w3.org/2001/XMLSchema" />
    </bundleItemData>
    <bundleItemData itemId="43d0a874-5605-44ce-ab52-145d5fdd7c8c" dataTypeName="Sage.Platform.Orm.Entities.BundleSupport.PropertyBundleItem+PropertyData, Sage.Platform">
      <PropertyData xmlns:xsi="http://www.w3.org/2001/XMLSchema-instance" xmlns:xsd="http://www.w3.org/2001/XMLSchema">
        <Resources>
          <ResourcePackage>
            <ResourceKey>UserLoginAudit.CreateDate.DisplayName</ResourceKey>
            <Items>
              <ResourcePackageItem>
                <IsString>true</IsString>
                <CultureName />
                <SerializedResourceData>Createdate</SerializedResourceData>
              </ResourcePackageItem>
            </Items>
          </ResourcePackage>
        </Resources>
        <Property xsi:type="OrmFieldProperty" id="43d0a874-5605-44ce-ab52-145d5fdd7c8c" lastModifiedUtc="2011-01-03T22:26:08.2975923Z" name="CreateDate" audited="false" columnName="CREATEDATE" maxLength="0" precision="0" scale="0" ordinal="2" isReadOnly="false">
          <ExtendedPropertiesCollection>
            <extendee type="Sage.Platform.Orm.Entities.OrmFieldProperty" />
          </ExtendedPropertiesCollection>
          <SystemDataType guid="1f08f2eb-87c8-443b-a7c2-a51f590923f5">
            <DateTimeDataType />
          </SystemDataType>
        </Property>
      </PropertyData>
      <ArrayOfString xmlns:xsi="http://www.w3.org/2001/XMLSchema-instance" xmlns:xsd="http://www.w3.org/2001/XMLSchema" />
    </bundleItemData>
    <bundleItemData itemId="51c65cf3-e8dd-4f32-aa54-790d87c336a6" dataTypeName="Sage.Platform.Orm.Entities.BundleSupport.PropertyBundleItem+PropertyData, Sage.Platform">
      <PropertyData xmlns:xsi="http://www.w3.org/2001/XMLSchema-instance" xmlns:xsd="http://www.w3.org/2001/XMLSchema">
        <Resources>
          <ResourcePackage>
            <ResourceKey>UserLoginAudit.ModifyUser.DisplayName</ResourceKey>
            <Items>
              <ResourcePackageItem>
                <IsString>true</IsString>
                <CultureName />
                <SerializedResourceData>Modifyuser</SerializedResourceData>
              </ResourcePackageItem>
            </Items>
          </ResourcePackage>
        </Resources>
        <Property xsi:type="OrmFieldProperty" id="51c65cf3-e8dd-4f32-aa54-790d87c336a6" lastModifiedUtc="2011-01-03T22:26:08.2975923Z" name="ModifyUser" audited="false" columnName="MODIFYUSER" maxLength="12" precision="0" scale="0" ordinal="3" isReadOnly="false">
          <ExtendedPropertiesCollection>
            <extendee type="Sage.Platform.Orm.Entities.OrmFieldProperty" />
          </ExtendedPropertiesCollection>
          <SystemDataType guid="30053f5a-8d40-4db1-b185-1e4128eb26cc">
            <StandardIdDataType />
          </SystemDataType>
        </Property>
      </PropertyData>
      <ArrayOfString xmlns:xsi="http://www.w3.org/2001/XMLSchema-instance" xmlns:xsd="http://www.w3.org/2001/XMLSchema" />
    </bundleItemData>
    <bundleItemData itemId="3ac881b4-1e13-4d11-8a29-cf8c1d47d1c0" dataTypeName="Sage.Platform.Orm.Entities.BundleSupport.PropertyBundleItem+PropertyData, Sage.Platform">
      <PropertyData xmlns:xsi="http://www.w3.org/2001/XMLSchema-instance" xmlns:xsd="http://www.w3.org/2001/XMLSchema">
        <Resources>
          <ResourcePackage>
            <ResourceKey>UserLoginAudit.ModifyDate.DisplayName</ResourceKey>
            <Items>
              <ResourcePackageItem>
                <IsString>true</IsString>
                <CultureName />
                <SerializedResourceData>Modifydate</SerializedResourceData>
              </ResourcePackageItem>
            </Items>
          </ResourcePackage>
        </Resources>
        <Property xsi:type="OrmFieldProperty" id="3ac881b4-1e13-4d11-8a29-cf8c1d47d1c0" lastModifiedUtc="2011-01-03T22:26:08.2975923Z" name="ModifyDate" audited="false" columnName="MODIFYDATE" maxLength="0" precision="0" scale="0" ordinal="4" isReadOnly="false">
          <ExtendedPropertiesCollection>
            <extendee type="Sage.Platform.Orm.Entities.OrmFieldProperty" />
          </ExtendedPropertiesCollection>
          <SystemDataType guid="1f08f2eb-87c8-443b-a7c2-a51f590923f5">
            <DateTimeDataType />
          </SystemDataType>
        </Property>
      </PropertyData>
      <ArrayOfString xmlns:xsi="http://www.w3.org/2001/XMLSchema-instance" xmlns:xsd="http://www.w3.org/2001/XMLSchema" />
    </bundleItemData>
    <bundleItemData itemId="6e5c4054-17c2-4579-b7bb-4fe1258b45d8" dataTypeName="Sage.Platform.Orm.Entities.BundleSupport.PropertyBundleItem+PropertyData, Sage.Platform">
      <PropertyData xmlns:xsi="http://www.w3.org/2001/XMLSchema-instance" xmlns:xsd="http://www.w3.org/2001/XMLSchema">
        <Resources>
          <ResourcePackage>
            <ResourceKey>UserLoginAudit.USERID.DisplayName</ResourceKey>
            <Items>
              <ResourcePackageItem>
                <IsString>true</IsString>
                <CultureName />
                <SerializedResourceData>USERID</SerializedResourceData>
              </ResourcePackageItem>
            </Items>
          </ResourcePackage>
        </Resources>
        <Property xsi:type="OrmFieldProperty" id="6e5c4054-17c2-4579-b7bb-4fe1258b45d8" lastModifiedUtc="2011-01-03T22:26:08.3288415Z" name="USERID" audited="false" columnName="USERID" maxLength="12" precision="0" scale="0" ordinal="5" isReadOnly="false">
          <ExtendedPropertiesCollection>
            <extendee type="Sage.Platform.Orm.Entities.OrmFieldProperty" />
          </ExtendedPropertiesCollection>
          <SystemDataType guid="30053f5a-8d40-4db1-b185-1e4128eb26cc">
            <StandardIdDataType />
          </SystemDataType>
        </Property>
      </PropertyData>
      <ArrayOfString xmlns:xsi="http://www.w3.org/2001/XMLSchema-instance" xmlns:xsd="http://www.w3.org/2001/XMLSchema" />
    </bundleItemData>
    <bundleItemData itemId="3fac6a02-248a-4a56-a1d9-f8cefcf5344f" dataTypeName="Sage.Platform.Orm.Entities.BundleSupport.PropertyBundleItem+PropertyData, Sage.Platform">
      <PropertyData xmlns:xsi="http://www.w3.org/2001/XMLSchema-instance" xmlns:xsd="http://www.w3.org/2001/XMLSchema">
        <Resources>
          <ResourcePackage>
            <ResourceKey>UserLoginAudit.Login1.DisplayName</ResourceKey>
            <Items>
              <ResourcePackageItem>
                <IsString>true</IsString>
                <CultureName />
                <SerializedResourceData>Login1</SerializedResourceData>
              </ResourcePackageItem>
            </Items>
          </ResourcePackage>
        </Resources>
        <Property xsi:type="OrmFieldProperty" id="3fac6a02-248a-4a56-a1d9-f8cefcf5344f" lastModifiedUtc="2011-01-03T22:26:08.3757153Z" name="Login1" audited="false" columnName="LOGIN" maxLength="0" precision="0" scale="0" ordinal="6" isReadOnly="false">
          <ExtendedPropertiesCollection>
            <extendee type="Sage.Platform.Orm.Entities.OrmFieldProperty" />
          </ExtendedPropertiesCollection>
          <SystemDataType guid="1f08f2eb-87c8-443b-a7c2-a51f590923f5">
            <DateTimeDataType />
          </SystemDataType>
        </Property>
      </PropertyData>
      <ArrayOfString xmlns:xsi="http://www.w3.org/2001/XMLSchema-instance" xmlns:xsd="http://www.w3.org/2001/XMLSchema" />
    </bundleItemData>
    <bundleItemData itemId="3ec3fd05-2872-4b0a-98e2-5ebb90a07efb" dataTypeName="Sage.Platform.Orm.Entities.BundleSupport.PropertyBundleItem+PropertyData, Sage.Platform">
      <PropertyData xmlns:xsi="http://www.w3.org/2001/XMLSchema-instance" xmlns:xsd="http://www.w3.org/2001/XMLSchema">
        <Resources>
          <ResourcePackage>
            <ResourceKey>UserLoginAudit.Login2.DisplayName</ResourceKey>
            <Items>
              <ResourcePackageItem>
                <IsString>true</IsString>
                <CultureName />
                <SerializedResourceData>Login2</SerializedResourceData>
              </ResourcePackageItem>
            </Items>
          </ResourcePackage>
        </Resources>
        <Property xsi:type="OrmFieldProperty" id="3ec3fd05-2872-4b0a-98e2-5ebb90a07efb" lastModifiedUtc="2011-01-03T22:26:08.3757153Z" name="Login2" audited="false" columnName="LOGIN2" maxLength="0" precision="0" scale="0" ordinal="7" isReadOnly="false">
          <ExtendedPropertiesCollection>
            <extendee type="Sage.Platform.Orm.Entities.OrmFieldProperty" />
          </ExtendedPropertiesCollection>
          <SystemDataType guid="1f08f2eb-87c8-443b-a7c2-a51f590923f5">
            <DateTimeDataType />
          </SystemDataType>
        </Property>
      </PropertyData>
      <ArrayOfString xmlns:xsi="http://www.w3.org/2001/XMLSchema-instance" xmlns:xsd="http://www.w3.org/2001/XMLSchema" />
    </bundleItemData>
    <bundleItemData itemId="f7c94ad7-4ceb-463e-badc-76acc2620a3a" dataTypeName="Sage.Platform.Orm.Entities.BundleSupport.PropertyBundleItem+PropertyData, Sage.Platform">
      <PropertyData xmlns:xsi="http://www.w3.org/2001/XMLSchema-instance" xmlns:xsd="http://www.w3.org/2001/XMLSchema">
        <Resources>
          <ResourcePackage>
            <ResourceKey>UserLoginAudit.Login3.DisplayName</ResourceKey>
            <Items>
              <ResourcePackageItem>
                <IsString>true</IsString>
                <CultureName />
                <SerializedResourceData>Login3</SerializedResourceData>
              </ResourcePackageItem>
            </Items>
          </ResourcePackage>
        </Resources>
        <Property xsi:type="OrmFieldProperty" id="f7c94ad7-4ceb-463e-badc-76acc2620a3a" lastModifiedUtc="2011-01-03T22:26:08.3757153Z" name="Login3" audited="false" columnName="LOGIN3" maxLength="0" precision="0" scale="0" ordinal="8" isReadOnly="false">
          <ExtendedPropertiesCollection>
            <extendee type="Sage.Platform.Orm.Entities.OrmFieldProperty" />
          </ExtendedPropertiesCollection>
          <SystemDataType guid="1f08f2eb-87c8-443b-a7c2-a51f590923f5">
            <DateTimeDataType />
          </SystemDataType>
        </Property>
      </PropertyData>
      <ArrayOfString xmlns:xsi="http://www.w3.org/2001/XMLSchema-instance" xmlns:xsd="http://www.w3.org/2001/XMLSchema" />
    </bundleItemData>
    <bundleItemData itemId="2e6f03e0-24a6-4265-8e8e-9403c1b7a2ea" dataTypeName="Sage.Platform.Orm.Entities.BundleSupport.PropertyBundleItem+PropertyData, Sage.Platform">
      <PropertyData xmlns:xsi="http://www.w3.org/2001/XMLSchema-instance" xmlns:xsd="http://www.w3.org/2001/XMLSchema">
        <Resources>
          <ResourcePackage>
            <ResourceKey>UserLoginAudit.Login4.DisplayName</ResourceKey>
            <Items>
              <ResourcePackageItem>
                <IsString>true</IsString>
                <CultureName />
                <SerializedResourceData>Login4</SerializedResourceData>
              </ResourcePackageItem>
            </Items>
          </ResourcePackage>
        </Resources>
        <Property xsi:type="OrmFieldProperty" id="2e6f03e0-24a6-4265-8e8e-9403c1b7a2ea" lastModifiedUtc="2011-01-03T22:26:08.3913399Z" name="Login4" audited="false" columnName="LOGIN4" maxLength="0" precision="0" scale="0" ordinal="9" isReadOnly="false">
          <ExtendedPropertiesCollection>
            <extendee type="Sage.Platform.Orm.Entities.OrmFieldProperty" />
          </ExtendedPropertiesCollection>
          <SystemDataType guid="1f08f2eb-87c8-443b-a7c2-a51f590923f5">
            <DateTimeDataType />
          </SystemDataType>
        </Property>
      </PropertyData>
      <ArrayOfString xmlns:xsi="http://www.w3.org/2001/XMLSchema-instance" xmlns:xsd="http://www.w3.org/2001/XMLSchema" />
    </bundleItemData>
    <bundleItemData itemId="86f7729f-ba21-4283-bf48-049ee13849ba" dataTypeName="Sage.Platform.Orm.Entities.BundleSupport.PropertyBundleItem+PropertyData, Sage.Platform">
      <PropertyData xmlns:xsi="http://www.w3.org/2001/XMLSchema-instance" xmlns:xsd="http://www.w3.org/2001/XMLSchema">
        <Resources>
          <ResourcePackage>
            <ResourceKey>UserLoginAudit.Login5.DisplayName</ResourceKey>
            <Items>
              <ResourcePackageItem>
                <IsString>true</IsString>
                <CultureName />
                <SerializedResourceData>Login5</SerializedResourceData>
              </ResourcePackageItem>
            </Items>
          </ResourcePackage>
        </Resources>
        <Property xsi:type="OrmFieldProperty" id="86f7729f-ba21-4283-bf48-049ee13849ba" lastModifiedUtc="2011-01-03T22:26:08.3913399Z" name="Login5" audited="false" columnName="LOGIN5" maxLength="0" precision="0" scale="0" ordinal="10" isReadOnly="false">
          <ExtendedPropertiesCollection>
            <extendee type="Sage.Platform.Orm.Entities.OrmFieldProperty" />
          </ExtendedPropertiesCollection>
          <SystemDataType guid="1f08f2eb-87c8-443b-a7c2-a51f590923f5">
            <DateTimeDataType />
          </SystemDataType>
        </Property>
      </PropertyData>
      <ArrayOfString xmlns:xsi="http://www.w3.org/2001/XMLSchema-instance" xmlns:xsd="http://www.w3.org/2001/XMLSchema" />
    </bundleItemData>
    <bundleItemData itemId="a097cf56-8fd9-4ef1-ab0f-1f83cdd3e064" dataTypeName="Sage.Platform.Orm.Entities.BundleSupport.BusinessRuleStepBundleItem+StepData, Sage.Platform">
      <StepData xmlns:xsi="http://www.w3.org/2001/XMLSchema-instance" xmlns:xsd="http://www.w3.org/2001/XMLSchema">
        <Step id="a097cf56-8fd9-4ef1-ab0f-1f83cdd3e064" lastModifiedUtc="2011-01-03T22:26:08.4225891Z" targetType="Sage.Platform.Orm.DefaultCRUDEventHandler, Sage.Platform" targetMethod="OnBeforeInsert" active="true">
          <ExtendedPropertiesCollection>
            <extendee type="Sage.Platform.Orm.Entities.OrmMethodTarget" />
          </ExtendedPropertiesCollection>
        </Step>
        <StepType>Primary</StepType>
      </StepData>
      <ArrayOfString xmlns:xsi="http://www.w3.org/2001/XMLSchema-instance" xmlns:xsd="http://www.w3.org/2001/XMLSchema" />
    </bundleItemData>
    <bundleItemData itemId="7faca6f6-143a-42ea-81c6-e162056e7621" dataTypeName="Sage.Platform.Orm.Entities.BundleSupport.BusinessRuleStepBundleItem+StepData, Sage.Platform">
      <StepData xmlns:xsi="http://www.w3.org/2001/XMLSchema-instance" xmlns:xsd="http://www.w3.org/2001/XMLSchema">
        <Step id="7faca6f6-143a-42ea-81c6-e162056e7621" lastModifiedUtc="2011-01-03T22:26:08.4538383Z" targetType="Sage.Platform.Orm.DefaultCRUDEventHandler, Sage.Platform" targetMethod="OnAfterInsert" active="true">
          <ExtendedPropertiesCollection>
            <extendee type="Sage.Platform.Orm.Entities.OrmMethodTarget" />
          </ExtendedPropertiesCollection>
        </Step>
        <StepType>Primary</StepType>
      </StepData>
      <ArrayOfString xmlns:xsi="http://www.w3.org/2001/XMLSchema-instance" xmlns:xsd="http://www.w3.org/2001/XMLSchema" />
    </bundleItemData>
    <bundleItemData itemId="f58faeb9-b1ed-4c5b-9136-0f7c9167e100" dataTypeName="Sage.Platform.Orm.Entities.BundleSupport.BusinessRuleStepBundleItem+StepData, Sage.Platform">
      <StepData xmlns:xsi="http://www.w3.org/2001/XMLSchema-instance" xmlns:xsd="http://www.w3.org/2001/XMLSchema">
        <Step id="f58faeb9-b1ed-4c5b-9136-0f7c9167e100" lastModifiedUtc="2011-01-03T22:26:08.4538383Z" targetType="Sage.Platform.Orm.DefaultCRUDEventHandler, Sage.Platform" targetMethod="OnBeforeUpdate" active="true">
          <ExtendedPropertiesCollection>
            <extendee type="Sage.Platform.Orm.Entities.OrmMethodTarget" />
          </ExtendedPropertiesCollection>
        </Step>
        <StepType>Primary</StepType>
      </StepData>
      <ArrayOfString xmlns:xsi="http://www.w3.org/2001/XMLSchema-instance" xmlns:xsd="http://www.w3.org/2001/XMLSchema" />
    </bundleItemData>
    <bundleItemData itemId="5a0b317e-1561-42e7-8711-3c44d070fb3c" dataTypeName="Sage.Platform.Orm.Entities.BundleSupport.BusinessRuleStepBundleItem+StepData, Sage.Platform">
      <StepData xmlns:xsi="http://www.w3.org/2001/XMLSchema-instance" xmlns:xsd="http://www.w3.org/2001/XMLSchema">
        <Step id="5a0b317e-1561-42e7-8711-3c44d070fb3c" lastModifiedUtc="2011-01-03T22:26:08.4538383Z" targetType="Sage.Platform.Orm.DefaultCRUDEventHandler, Sage.Platform" targetMethod="OnAfterUpdate" active="true">
          <ExtendedPropertiesCollection>
            <extendee type="Sage.Platform.Orm.Entities.OrmMethodTarget" />
          </ExtendedPropertiesCollection>
        </Step>
        <StepType>Primary</StepType>
      </StepData>
      <ArrayOfString xmlns:xsi="http://www.w3.org/2001/XMLSchema-instance" xmlns:xsd="http://www.w3.org/2001/XMLSchema" />
    </bundleItemData>
    <bundleItemData itemId="98800696-7300-49aa-b39f-6e72ef2f6a97" dataTypeName="Sage.Platform.Orm.Entities.BundleSupport.BusinessRuleStepBundleItem+StepData, Sage.Platform">
      <StepData xmlns:xsi="http://www.w3.org/2001/XMLSchema-instance" xmlns:xsd="http://www.w3.org/2001/XMLSchema">
        <Step id="98800696-7300-49aa-b39f-6e72ef2f6a97" lastModifiedUtc="2011-01-03T22:26:08.4538383Z" targetType="Sage.Platform.Orm.DefaultCRUDEventHandler, Sage.Platform" targetMethod="OnBeforeDelete" active="true">
          <ExtendedPropertiesCollection>
            <extendee type="Sage.Platform.Orm.Entities.OrmMethodTarget" />
          </ExtendedPropertiesCollection>
        </Step>
        <StepType>Primary</StepType>
      </StepData>
      <ArrayOfString xmlns:xsi="http://www.w3.org/2001/XMLSchema-instance" xmlns:xsd="http://www.w3.org/2001/XMLSchema" />
    </bundleItemData>
    <bundleItemData itemId="360addcb-2ab6-4399-8d0e-568c1419449c" dataTypeName="Sage.Platform.Orm.Entities.BundleSupport.BusinessRuleStepBundleItem+StepData, Sage.Platform">
      <StepData xmlns:xsi="http://www.w3.org/2001/XMLSchema-instance" xmlns:xsd="http://www.w3.org/2001/XMLSchema">
        <Step id="360addcb-2ab6-4399-8d0e-568c1419449c" lastModifiedUtc="2011-01-03T22:26:08.4538383Z" targetType="Sage.Platform.Orm.DefaultCRUDEventHandler, Sage.Platform" targetMethod="OnAfterDelete" active="true">
          <ExtendedPropertiesCollection>
            <extendee type="Sage.Platform.Orm.Entities.OrmMethodTarget" />
          </ExtendedPropertiesCollection>
        </Step>
        <StepType>Primary</StepType>
      </StepData>
      <ArrayOfString xmlns:xsi="http://www.w3.org/2001/XMLSchema-instance" xmlns:xsd="http://www.w3.org/2001/XMLSchema" />
    </bundleItemData>
    <bundleItemData itemId="01811e9c-bc9d-471a-826a-53505cea01ed" dataTypeName="Sage.Platform.Orm.Entities.BundleSupport.BusinessRuleStepBundleItem+StepData, Sage.Platform">
      <StepData xmlns:xsi="http://www.w3.org/2001/XMLSchema-instance" xmlns:xsd="http://www.w3.org/2001/XMLSchema">
        <Step id="01811e9c-bc9d-471a-826a-53505cea01ed" lastModifiedUtc="2011-01-03T22:26:08.4694629Z" targetType="Sage.Platform.Orm.DefaultCRUDEventHandler, Sage.Platform" targetMethod="OnCreate" active="true">
          <ExtendedPropertiesCollection>
            <extendee type="Sage.Platform.Orm.Entities.OrmMethodTarget" />
          </ExtendedPropertiesCollection>
        </Step>
        <StepType>Primary</StepType>
      </StepData>
      <ArrayOfString xmlns:xsi="http://www.w3.org/2001/XMLSchema-instance" xmlns:xsd="http://www.w3.org/2001/XMLSchema" />
    </bundleItemData>
    <bundleItemData itemId="861ac5fe-b571-4015-a55d-bf63e400e1e7" dataTypeName="Sage.Platform.Projects.Localization.ResourcePackageCollection, Sage.Platform.Projects">
      <ArrayOfResourcePackage xmlns:xsi="http://www.w3.org/2001/XMLSchema-instance" xmlns:xsd="http://www.w3.org/2001/XMLSchema" />
      <ArrayOfString xmlns:xsi="http://www.w3.org/2001/XMLSchema-instance" xmlns:xsd="http://www.w3.org/2001/XMLSchema" />
    </bundleItemData>
    <bundleItemData itemId="a6b909db-0723-4954-9e34-16eee88daa11" dataTypeName="Sage.Platform.Projects.Localization.ResourcePackageCollection, Sage.Platform.Projects">
      <ArrayOfResourcePackage xmlns:xsi="http://www.w3.org/2001/XMLSchema-instance" xmlns:xsd="http://www.w3.org/2001/XMLSchema" />
      <ArrayOfString xmlns:xsi="http://www.w3.org/2001/XMLSchema-instance" xmlns:xsd="http://www.w3.org/2001/XMLSchema" />
    </bundleItemData>
  </bundleItemsData>
  <bundleActionsData />
  <deletedItemData />
</BundleData>