<?xml version="1.0"?>
<BundleManifest id="c0c59c87-f60e-4b2b-a9d4-db8058e92d2c">
  <bundleProperties>
    <name>SalesLogix Web User Login Audit</name>
    <description><![CDATA[Adds login audit functionality to the SalesLogix web client.  Login details are stored in the USER_LOGIN_AUDIT table.]]></description>
    <address><![CDATA[]]></address>
    <company>Customer FX Corporation</company>
    <copyright><![CDATA[]]></copyright>
    <majorVersion>0</majorVersion>
    <minorVersion>0</minorVersion>
    <revision>0</revision>
    <build>1</build>
    <autoIncrement>false</autoIncrement>
    <installDate>0001-01-01T00:00:00</installDate>
    <installPassword />
  </bundleProperties>
  <bundleItemHierarchy>
    <bundleItem modelId="af988c91-97c8-4527-b072-e021c9e2cb1a" itemTypeName="Sage.Platform.BundleModel.BundleManifestItem, Sage.Platform.BundleModel">
      <BundleManifestItem xmlns:xsi="http://www.w3.org/2001/XMLSchema-instance" xmlns:xsd="http://www.w3.org/2001/XMLSchema">
        <ItemId>c0c59c87-f60e-4b2b-a9d4-db8058e92d2c</ItemId>
        <Url>\</Url>
        <BundleItemType>Container</BundleItemType>
        <Caption>SalesLogix Web User Login Audit</Caption>
      </BundleManifestItem>
      <children>
        <bundleItem modelId="a7bdd2d9-93b0-499d-9fd4-c3f7a5f94e28" itemTypeName="Sage.Platform.Orm.Entities.BundleSupport.EntityModelContext, Sage.Platform">
          <EntityModelContext xmlns:xsi="http://www.w3.org/2001/XMLSchema-instance" xmlns:xsd="http://www.w3.org/2001/XMLSchema">
            <ItemId>entitymodel</ItemId>
            <Url>\::Entity Model</Url>
            <BundleItemType>Container</BundleItemType>
            <Caption>Entity Model</Caption>
          </EntityModelContext>
          <children>
            <bundleItem modelId="a7bdd2d9-93b0-499d-9fd4-c3f7a5f94e28" itemTypeName="Sage.Platform.Orm.Entities.BundleSupport.PackagesContext, Sage.Platform">
              <PackagesContext xmlns:xsi="http://www.w3.org/2001/XMLSchema-instance" xmlns:xsd="http://www.w3.org/2001/XMLSchema">
                <ItemId>entitymodel\packages</ItemId>
                <Url>\::Entity Model::Packages</Url>
                <BundleItemType>Container</BundleItemType>
                <Caption>Packages</Caption>
              </PackagesContext>
              <children>
                <bundleItem modelId="a7bdd2d9-93b0-499d-9fd4-c3f7a5f94e28" itemTypeName="Sage.Platform.Orm.Entities.BundleSupport.PackageBundleItem, Sage.Platform">
                  <PackageBundleItem xmlns:xsi="http://www.w3.org/2001/XMLSchema-instance" xmlns:xsd="http://www.w3.org/2001/XMLSchema">
                    <ItemId>7ddc7cbe-e71d-483a-8599-6c5c483ee050</ItemId>
                    <Url>\Entity Model\SalesLogix Application Entities\SalesLogix Application Entities.T.package.xml</Url>
                    <BundleItemType>Context</BundleItemType>
                    <Caption>SalesLogix Application Entities</Caption>
                  </PackageBundleItem>
                  <children>
                    <bundleItem modelId="a7bdd2d9-93b0-499d-9fd4-c3f7a5f94e28" itemTypeName="Sage.Platform.Orm.Entities.BundleSupport.EntityBundleItem, Sage.Platform">
                      <EntityBundleItem xmlns:xsi="http://www.w3.org/2001/XMLSchema-instance" xmlns:xsd="http://www.w3.org/2001/XMLSchema">
                        <ItemId>01b62dab-e2fc-4b8b-8b64-29085efb8d67</ItemId>
                        <Url>\Entity Model\SalesLogix Application Entities\UserLoginAudit\UserLoginAudit.USER_LOGIN_AUDIT.entity.xml</Url>
                        <BundleItemType>ModelItem</BundleItemType>
                        <Caption>UserLoginAudit</Caption>
                      </EntityBundleItem>
                      <children>
                        <bundleItem modelId="a7bdd2d9-93b0-499d-9fd4-c3f7a5f94e28" itemTypeName="Sage.Platform.Orm.Entities.BundleSupport.EntitySubFolderContext, Sage.Platform">
                          <EntitySubFolderContext xmlns:xsi="http://www.w3.org/2001/XMLSchema-instance" xmlns:xsd="http://www.w3.org/2001/XMLSchema">
                            <ItemId>01b62dab-e2fc-4b8b-8b64-29085efb8d67properties</ItemId>
                            <Url>\Entity Model\SalesLogix Application Entities\UserLoginAudit\UserLoginAudit.USER_LOGIN_AUDIT.entity.xml::Properties</Url>
                            <BundleItemType>Container</BundleItemType>
                            <Caption>Properties</Caption>
                            <ParentUrl>\Entity Model\SalesLogix Application Entities\UserLoginAudit\UserLoginAudit.USER_LOGIN_AUDIT.entity.xml</ParentUrl>
                            <CaptionKey>properties</CaptionKey>
                          </EntitySubFolderContext>
                          <children>
                            <bundleItem modelId="a7bdd2d9-93b0-499d-9fd4-c3f7a5f94e28" itemTypeName="Sage.Platform.Orm.Entities.BundleSupport.PropertyBundleItem, Sage.Platform">
                              <PropertyBundleItem xmlns:xsi="http://www.w3.org/2001/XMLSchema-instance" xmlns:xsd="http://www.w3.org/2001/XMLSchema">
                                <ItemId>319f7010-3d22-4b47-adbe-91e8d36d8636</ItemId>
                                <Url>\Entity Model\SalesLogix Application Entities\UserLoginAudit\UserLoginAudit.USER_LOGIN_AUDIT.entity.xml::Properties::User_login_auditId</Url>
                                <BundleItemType>Other</BundleItemType>
                                <Caption>User_login_auditId</Caption>
                                <SerializationOptions>RecurseChildren</SerializationOptions>
                                <InstallOptions>RecurseChildren</InstallOptions>
                              </PropertyBundleItem>
                            </bundleItem>
                            <bundleItem modelId="a7bdd2d9-93b0-499d-9fd4-c3f7a5f94e28" itemTypeName="Sage.Platform.Orm.Entities.BundleSupport.PropertyBundleItem, Sage.Platform">
                              <PropertyBundleItem xmlns:xsi="http://www.w3.org/2001/XMLSchema-instance" xmlns:xsd="http://www.w3.org/2001/XMLSchema">
                                <ItemId>292bc382-f2b5-42d6-b9fd-8ded34cb386c</ItemId>
                                <Url>\Entity Model\SalesLogix Application Entities\UserLoginAudit\UserLoginAudit.USER_LOGIN_AUDIT.entity.xml::Properties::CreateUser</Url>
                                <BundleItemType>Other</BundleItemType>
                                <Caption>CreateUser</Caption>
                                <SerializationOptions>RecurseChildren</SerializationOptions>
                                <InstallOptions>RecurseChildren</InstallOptions>
                              </PropertyBundleItem>
                            </bundleItem>
                            <bundleItem modelId="a7bdd2d9-93b0-499d-9fd4-c3f7a5f94e28" itemTypeName="Sage.Platform.Orm.Entities.BundleSupport.PropertyBundleItem, Sage.Platform">
                              <PropertyBundleItem xmlns:xsi="http://www.w3.org/2001/XMLSchema-instance" xmlns:xsd="http://www.w3.org/2001/XMLSchema">
                                <ItemId>43d0a874-5605-44ce-ab52-145d5fdd7c8c</ItemId>
                                <Url>\Entity Model\SalesLogix Application Entities\UserLoginAudit\UserLoginAudit.USER_LOGIN_AUDIT.entity.xml::Properties::CreateDate</Url>
                                <BundleItemType>Other</BundleItemType>
                                <Caption>CreateDate</Caption>
                                <SerializationOptions>RecurseChildren</SerializationOptions>
                                <InstallOptions>RecurseChildren</InstallOptions>
                              </PropertyBundleItem>
                            </bundleItem>
                            <bundleItem modelId="a7bdd2d9-93b0-499d-9fd4-c3f7a5f94e28" itemTypeName="Sage.Platform.Orm.Entities.BundleSupport.PropertyBundleItem, Sage.Platform">
                              <PropertyBundleItem xmlns:xsi="http://www.w3.org/2001/XMLSchema-instance" xmlns:xsd="http://www.w3.org/2001/XMLSchema">
                                <ItemId>51c65cf3-e8dd-4f32-aa54-790d87c336a6</ItemId>
                                <Url>\Entity Model\SalesLogix Application Entities\UserLoginAudit\UserLoginAudit.USER_LOGIN_AUDIT.entity.xml::Properties::ModifyUser</Url>
                                <BundleItemType>Other</BundleItemType>
                                <Caption>ModifyUser</Caption>
                                <SerializationOptions>RecurseChildren</SerializationOptions>
                                <InstallOptions>RecurseChildren</InstallOptions>
                              </PropertyBundleItem>
                            </bundleItem>
                            <bundleItem modelId="a7bdd2d9-93b0-499d-9fd4-c3f7a5f94e28" itemTypeName="Sage.Platform.Orm.Entities.BundleSupport.PropertyBundleItem, Sage.Platform">
                              <PropertyBundleItem xmlns:xsi="http://www.w3.org/2001/XMLSchema-instance" xmlns:xsd="http://www.w3.org/2001/XMLSchema">
                                <ItemId>3ac881b4-1e13-4d11-8a29-cf8c1d47d1c0</ItemId>
                                <Url>\Entity Model\SalesLogix Application Entities\UserLoginAudit\UserLoginAudit.USER_LOGIN_AUDIT.entity.xml::Properties::ModifyDate</Url>
                                <BundleItemType>Other</BundleItemType>
                                <Caption>ModifyDate</Caption>
                                <SerializationOptions>RecurseChildren</SerializationOptions>
                                <InstallOptions>RecurseChildren</InstallOptions>
                              </PropertyBundleItem>
                            </bundleItem>
                            <bundleItem modelId="a7bdd2d9-93b0-499d-9fd4-c3f7a5f94e28" itemTypeName="Sage.Platform.Orm.Entities.BundleSupport.PropertyBundleItem, Sage.Platform">
                              <PropertyBundleItem xmlns:xsi="http://www.w3.org/2001/XMLSchema-instance" xmlns:xsd="http://www.w3.org/2001/XMLSchema">
                                <ItemId>6e5c4054-17c2-4579-b7bb-4fe1258b45d8</ItemId>
                                <Url>\Entity Model\SalesLogix Application Entities\UserLoginAudit\UserLoginAudit.USER_LOGIN_AUDIT.entity.xml::Properties::USERID</Url>
                                <BundleItemType>Other</BundleItemType>
                                <Caption>USERID</Caption>
                                <SerializationOptions>RecurseChildren</SerializationOptions>
                                <InstallOptions>RecurseChildren</InstallOptions>
                              </PropertyBundleItem>
                            </bundleItem>
                            <bundleItem modelId="a7bdd2d9-93b0-499d-9fd4-c3f7a5f94e28" itemTypeName="Sage.Platform.Orm.Entities.BundleSupport.PropertyBundleItem, Sage.Platform">
                              <PropertyBundleItem xmlns:xsi="http://www.w3.org/2001/XMLSchema-instance" xmlns:xsd="http://www.w3.org/2001/XMLSchema">
                                <ItemId>3fac6a02-248a-4a56-a1d9-f8cefcf5344f</ItemId>
                                <Url>\Entity Model\SalesLogix Application Entities\UserLoginAudit\UserLoginAudit.USER_LOGIN_AUDIT.entity.xml::Properties::Login1</Url>
                                <BundleItemType>Other</BundleItemType>
                                <Caption>Login1</Caption>
                                <SerializationOptions>RecurseChildren</SerializationOptions>
                                <InstallOptions>RecurseChildren</InstallOptions>
                              </PropertyBundleItem>
                            </bundleItem>
                            <bundleItem modelId="a7bdd2d9-93b0-499d-9fd4-c3f7a5f94e28" itemTypeName="Sage.Platform.Orm.Entities.BundleSupport.PropertyBundleItem, Sage.Platform">
                              <PropertyBundleItem xmlns:xsi="http://www.w3.org/2001/XMLSchema-instance" xmlns:xsd="http://www.w3.org/2001/XMLSchema">
                                <ItemId>3ec3fd05-2872-4b0a-98e2-5ebb90a07efb</ItemId>
                                <Url>\Entity Model\SalesLogix Application Entities\UserLoginAudit\UserLoginAudit.USER_LOGIN_AUDIT.entity.xml::Properties::Login2</Url>
                                <BundleItemType>Other</BundleItemType>
                                <Caption>Login2</Caption>
                                <SerializationOptions>RecurseChildren</SerializationOptions>
                                <InstallOptions>RecurseChildren</InstallOptions>
                              </PropertyBundleItem>
                            </bundleItem>
                            <bundleItem modelId="a7bdd2d9-93b0-499d-9fd4-c3f7a5f94e28" itemTypeName="Sage.Platform.Orm.Entities.BundleSupport.PropertyBundleItem, Sage.Platform">
                              <PropertyBundleItem xmlns:xsi="http://www.w3.org/2001/XMLSchema-instance" xmlns:xsd="http://www.w3.org/2001/XMLSchema">
                                <ItemId>f7c94ad7-4ceb-463e-badc-76acc2620a3a</ItemId>
                                <Url>\Entity Model\SalesLogix Application Entities\UserLoginAudit\UserLoginAudit.USER_LOGIN_AUDIT.entity.xml::Properties::Login3</Url>
                                <BundleItemType>Other</BundleItemType>
                                <Caption>Login3</Caption>
                                <SerializationOptions>RecurseChildren</SerializationOptions>
                                <InstallOptions>RecurseChildren</InstallOptions>
                              </PropertyBundleItem>
                            </bundleItem>
                            <bundleItem modelId="a7bdd2d9-93b0-499d-9fd4-c3f7a5f94e28" itemTypeName="Sage.Platform.Orm.Entities.BundleSupport.PropertyBundleItem, Sage.Platform">
                              <PropertyBundleItem xmlns:xsi="http://www.w3.org/2001/XMLSchema-instance" xmlns:xsd="http://www.w3.org/2001/XMLSchema">
                                <ItemId>2e6f03e0-24a6-4265-8e8e-9403c1b7a2ea</ItemId>
                                <Url>\Entity Model\SalesLogix Application Entities\UserLoginAudit\UserLoginAudit.USER_LOGIN_AUDIT.entity.xml::Properties::Login4</Url>
                                <BundleItemType>Other</BundleItemType>
                                <Caption>Login4</Caption>
                                <SerializationOptions>RecurseChildren</SerializationOptions>
                                <InstallOptions>RecurseChildren</InstallOptions>
                              </PropertyBundleItem>
                            </bundleItem>
                            <bundleItem modelId="a7bdd2d9-93b0-499d-9fd4-c3f7a5f94e28" itemTypeName="Sage.Platform.Orm.Entities.BundleSupport.PropertyBundleItem, Sage.Platform">
                              <PropertyBundleItem xmlns:xsi="http://www.w3.org/2001/XMLSchema-instance" xmlns:xsd="http://www.w3.org/2001/XMLSchema">
                                <ItemId>86f7729f-ba21-4283-bf48-049ee13849ba</ItemId>
                                <Url>\Entity Model\SalesLogix Application Entities\UserLoginAudit\UserLoginAudit.USER_LOGIN_AUDIT.entity.xml::Properties::Login5</Url>
                                <BundleItemType>Other</BundleItemType>
                                <Caption>Login5</Caption>
                                <SerializationOptions>RecurseChildren</SerializationOptions>
                                <InstallOptions>RecurseChildren</InstallOptions>
                              </PropertyBundleItem>
                            </bundleItem>
                          </children>
                        </bundleItem>
                        <bundleItem modelId="a7bdd2d9-93b0-499d-9fd4-c3f7a5f94e28" itemTypeName="Sage.Platform.Orm.Entities.BundleSupport.EntitySubFolderContext, Sage.Platform">
                          <EntitySubFolderContext xmlns:xsi="http://www.w3.org/2001/XMLSchema-instance" xmlns:xsd="http://www.w3.org/2001/XMLSchema">
                            <ItemId>01b62dab-e2fc-4b8b-8b64-29085efb8d67rules</ItemId>
                            <Url>\Entity Model\SalesLogix Application Entities\UserLoginAudit\UserLoginAudit.USER_LOGIN_AUDIT.entity.xml::Business Rules</Url>
                            <BundleItemType>Container</BundleItemType>
                            <Caption>Business Rules</Caption>
                            <ParentUrl>\Entity Model\SalesLogix Application Entities\UserLoginAudit\UserLoginAudit.USER_LOGIN_AUDIT.entity.xml</ParentUrl>
                            <CaptionKey>rules</CaptionKey>
                          </EntitySubFolderContext>
                        </bundleItem>
                        <bundleItem modelId="a7bdd2d9-93b0-499d-9fd4-c3f7a5f94e28" itemTypeName="Sage.Platform.Orm.Entities.BundleSupport.EntitySubFolderContext, Sage.Platform">
                          <EntitySubFolderContext xmlns:xsi="http://www.w3.org/2001/XMLSchema-instance" xmlns:xsd="http://www.w3.org/2001/XMLSchema">
                            <ItemId>01b62dab-e2fc-4b8b-8b64-29085efb8d67events</ItemId>
                            <Url>\Entity Model\SalesLogix Application Entities\UserLoginAudit\UserLoginAudit.USER_LOGIN_AUDIT.entity.xml::Events</Url>
                            <BundleItemType>Container</BundleItemType>
                            <Caption>Events</Caption>
                            <ParentUrl>\Entity Model\SalesLogix Application Entities\UserLoginAudit\UserLoginAudit.USER_LOGIN_AUDIT.entity.xml</ParentUrl>
                            <CaptionKey>events</CaptionKey>
                          </EntitySubFolderContext>
                          <children>
                            <bundleItem modelId="a7bdd2d9-93b0-499d-9fd4-c3f7a5f94e28" itemTypeName="Sage.Platform.Orm.Entities.BundleSupport.BusinessRuleBundleItem, Sage.Platform">
                              <BusinessRuleBundleItem xmlns:xsi="http://www.w3.org/2001/XMLSchema-instance" xmlns:xsd="http://www.w3.org/2001/XMLSchema">
                                <ItemId>fede8714-7ae3-4270-94b1-cc5a8effa847</ItemId>
                                <Url>\Entity Model\SalesLogix Application Entities\UserLoginAudit\OnBeforeInsert.method.xml</Url>
                                <BundleItemType>ModelItem</BundleItemType>
                                <Caption>OnBeforeInsert</Caption>
                              </BusinessRuleBundleItem>
                              <children>
                                <bundleItem modelId="a7bdd2d9-93b0-499d-9fd4-c3f7a5f94e28" itemTypeName="Sage.Platform.Orm.Entities.BundleSupport.StepsSubFolderContext, Sage.Platform">
                                  <StepsSubFolderContext xmlns:xsi="http://www.w3.org/2001/XMLSchema-instance" xmlns:xsd="http://www.w3.org/2001/XMLSchema">
                                    <ItemId>fede8714-7ae3-4270-94b1-cc5a8effa847pre</ItemId>
                                    <Url>\Entity Model\SalesLogix Application Entities\UserLoginAudit\OnBeforeInsert.method.xml::Pre Execute Steps</Url>
                                    <BundleItemType>Container</BundleItemType>
                                    <Caption>Pre Execute Steps</Caption>
                                    <ParentUrl>\Entity Model\SalesLogix Application Entities\UserLoginAudit\OnBeforeInsert.method.xml</ParentUrl>
                                    <CaptionKey>pre</CaptionKey>
                                  </StepsSubFolderContext>
                                </bundleItem>
                                <bundleItem modelId="a7bdd2d9-93b0-499d-9fd4-c3f7a5f94e28" itemTypeName="Sage.Platform.Orm.Entities.BundleSupport.StepsSubFolderContext, Sage.Platform">
                                  <StepsSubFolderContext xmlns:xsi="http://www.w3.org/2001/XMLSchema-instance" xmlns:xsd="http://www.w3.org/2001/XMLSchema">
                                    <ItemId>fede8714-7ae3-4270-94b1-cc5a8effa847primary</ItemId>
                                    <Url>\Entity Model\SalesLogix Application Entities\UserLoginAudit\OnBeforeInsert.method.xml::Primary Steps</Url>
                                    <BundleItemType>Container</BundleItemType>
                                    <Caption>Primary Steps</Caption>
                                    <ParentUrl>\Entity Model\SalesLogix Application Entities\UserLoginAudit\OnBeforeInsert.method.xml</ParentUrl>
                                    <CaptionKey>primary</CaptionKey>
                                  </StepsSubFolderContext>
                                  <children>
                                    <bundleItem modelId="a7bdd2d9-93b0-499d-9fd4-c3f7a5f94e28" itemTypeName="Sage.Platform.Orm.Entities.BundleSupport.BusinessRuleStepBundleItem, Sage.Platform">
                                      <BusinessRuleStepBundleItem xmlns:xsi="http://www.w3.org/2001/XMLSchema-instance" xmlns:xsd="http://www.w3.org/2001/XMLSchema">
                                        <ItemId>a097cf56-8fd9-4ef1-ab0f-1f83cdd3e064</ItemId>
                                        <Url>\Entity Model\SalesLogix Application Entities\UserLoginAudit\OnBeforeInsert.method.xml::Primary Steps::OnBeforeInsert</Url>
                                        <BundleItemType>Other</BundleItemType>
                                        <Caption>OnBeforeInsert</Caption>
                                        <SerializationOptions>ProcessDependentUrls</SerializationOptions>
                                        <InstallOptions>ProcessDependentUrls</InstallOptions>
                                      </BusinessRuleStepBundleItem>
                                    </bundleItem>
                                  </children>
                                </bundleItem>
                                <bundleItem modelId="a7bdd2d9-93b0-499d-9fd4-c3f7a5f94e28" itemTypeName="Sage.Platform.Orm.Entities.BundleSupport.StepsSubFolderContext, Sage.Platform">
                                  <StepsSubFolderContext xmlns:xsi="http://www.w3.org/2001/XMLSchema-instance" xmlns:xsd="http://www.w3.org/2001/XMLSchema">
                                    <ItemId>fede8714-7ae3-4270-94b1-cc5a8effa847post</ItemId>
                                    <Url>\Entity Model\SalesLogix Application Entities\UserLoginAudit\OnBeforeInsert.method.xml::Post Execute Steps</Url>
                                    <BundleItemType>Container</BundleItemType>
                                    <Caption>Post Execute Steps</Caption>
                                    <ParentUrl>\Entity Model\SalesLogix Application Entities\UserLoginAudit\OnBeforeInsert.method.xml</ParentUrl>
                                    <CaptionKey>post</CaptionKey>
                                  </StepsSubFolderContext>
                                </bundleItem>
                                <bundleItem modelId="a7bdd2d9-93b0-499d-9fd4-c3f7a5f94e28" itemTypeName="Sage.Platform.Orm.Entities.BundleSupport.StepsSubFolderContext, Sage.Platform">
                                  <StepsSubFolderContext xmlns:xsi="http://www.w3.org/2001/XMLSchema-instance" xmlns:xsd="http://www.w3.org/2001/XMLSchema">
                                    <ItemId>fede8714-7ae3-4270-94b1-cc5a8effa847postflush</ItemId>
                                    <Url>\Entity Model\SalesLogix Application Entities\UserLoginAudit\OnBeforeInsert.method.xml::Post Flush Steps</Url>
                                    <BundleItemType>Container</BundleItemType>
                                    <Caption>Post Flush Steps</Caption>
                                    <ParentUrl>\Entity Model\SalesLogix Application Entities\UserLoginAudit\OnBeforeInsert.method.xml</ParentUrl>
                                    <CaptionKey>postflush</CaptionKey>
                                  </StepsSubFolderContext>
                                </bundleItem>
                              </children>
                            </bundleItem>
                            <bundleItem modelId="a7bdd2d9-93b0-499d-9fd4-c3f7a5f94e28" itemTypeName="Sage.Platform.Orm.Entities.BundleSupport.BusinessRuleBundleItem, Sage.Platform">
                              <BusinessRuleBundleItem xmlns:xsi="http://www.w3.org/2001/XMLSchema-instance" xmlns:xsd="http://www.w3.org/2001/XMLSchema">
                                <ItemId>a28cb803-544b-4b27-b1c8-10226c7d152b</ItemId>
                                <Url>\Entity Model\SalesLogix Application Entities\UserLoginAudit\OnAfterInsert.method.xml</Url>
                                <BundleItemType>ModelItem</BundleItemType>
                                <Caption>OnAfterInsert</Caption>
                              </BusinessRuleBundleItem>
                              <children>
                                <bundleItem modelId="a7bdd2d9-93b0-499d-9fd4-c3f7a5f94e28" itemTypeName="Sage.Platform.Orm.Entities.BundleSupport.StepsSubFolderContext, Sage.Platform">
                                  <StepsSubFolderContext xmlns:xsi="http://www.w3.org/2001/XMLSchema-instance" xmlns:xsd="http://www.w3.org/2001/XMLSchema">
                                    <ItemId>a28cb803-544b-4b27-b1c8-10226c7d152bpre</ItemId>
                                    <Url>\Entity Model\SalesLogix Application Entities\UserLoginAudit\OnAfterInsert.method.xml::Pre Execute Steps</Url>
                                    <BundleItemType>Container</BundleItemType>
                                    <Caption>Pre Execute Steps</Caption>
                                    <ParentUrl>\Entity Model\SalesLogix Application Entities\UserLoginAudit\OnAfterInsert.method.xml</ParentUrl>
                                    <CaptionKey>pre</CaptionKey>
                                  </StepsSubFolderContext>
                                </bundleItem>
                                <bundleItem modelId="a7bdd2d9-93b0-499d-9fd4-c3f7a5f94e28" itemTypeName="Sage.Platform.Orm.Entities.BundleSupport.StepsSubFolderContext, Sage.Platform">
                                  <StepsSubFolderContext xmlns:xsi="http://www.w3.org/2001/XMLSchema-instance" xmlns:xsd="http://www.w3.org/2001/XMLSchema">
                                    <ItemId>a28cb803-544b-4b27-b1c8-10226c7d152bprimary</ItemId>
                                    <Url>\Entity Model\SalesLogix Application Entities\UserLoginAudit\OnAfterInsert.method.xml::Primary Steps</Url>
                                    <BundleItemType>Container</BundleItemType>
                                    <Caption>Primary Steps</Caption>
                                    <ParentUrl>\Entity Model\SalesLogix Application Entities\UserLoginAudit\OnAfterInsert.method.xml</ParentUrl>
                                    <CaptionKey>primary</CaptionKey>
                                  </StepsSubFolderContext>
                                  <children>
                                    <bundleItem modelId="a7bdd2d9-93b0-499d-9fd4-c3f7a5f94e28" itemTypeName="Sage.Platform.Orm.Entities.BundleSupport.BusinessRuleStepBundleItem, Sage.Platform">
                                      <BusinessRuleStepBundleItem xmlns:xsi="http://www.w3.org/2001/XMLSchema-instance" xmlns:xsd="http://www.w3.org/2001/XMLSchema">
                                        <ItemId>7faca6f6-143a-42ea-81c6-e162056e7621</ItemId>
                                        <Url>\Entity Model\SalesLogix Application Entities\UserLoginAudit\OnAfterInsert.method.xml::Primary Steps::OnAfterInsert</Url>
                                        <BundleItemType>Other</BundleItemType>
                                        <Caption>OnAfterInsert</Caption>
                                        <SerializationOptions>ProcessDependentUrls</SerializationOptions>
                                        <InstallOptions>ProcessDependentUrls</InstallOptions>
                                      </BusinessRuleStepBundleItem>
                                    </bundleItem>
                                  </children>
                                </bundleItem>
                                <bundleItem modelId="a7bdd2d9-93b0-499d-9fd4-c3f7a5f94e28" itemTypeName="Sage.Platform.Orm.Entities.BundleSupport.StepsSubFolderContext, Sage.Platform">
                                  <StepsSubFolderContext xmlns:xsi="http://www.w3.org/2001/XMLSchema-instance" xmlns:xsd="http://www.w3.org/2001/XMLSchema">
                                    <ItemId>a28cb803-544b-4b27-b1c8-10226c7d152bpost</ItemId>
                                    <Url>\Entity Model\SalesLogix Application Entities\UserLoginAudit\OnAfterInsert.method.xml::Post Execute Steps</Url>
                                    <BundleItemType>Container</BundleItemType>
                                    <Caption>Post Execute Steps</Caption>
                                    <ParentUrl>\Entity Model\SalesLogix Application Entities\UserLoginAudit\OnAfterInsert.method.xml</ParentUrl>
                                    <CaptionKey>post</CaptionKey>
                                  </StepsSubFolderContext>
                                </bundleItem>
                                <bundleItem modelId="a7bdd2d9-93b0-499d-9fd4-c3f7a5f94e28" itemTypeName="Sage.Platform.Orm.Entities.BundleSupport.StepsSubFolderContext, Sage.Platform">
                                  <StepsSubFolderContext xmlns:xsi="http://www.w3.org/2001/XMLSchema-instance" xmlns:xsd="http://www.w3.org/2001/XMLSchema">
                                    <ItemId>a28cb803-544b-4b27-b1c8-10226c7d152bpostflush</ItemId>
                                    <Url>\Entity Model\SalesLogix Application Entities\UserLoginAudit\OnAfterInsert.method.xml::Post Flush Steps</Url>
                                    <BundleItemType>Container</BundleItemType>
                                    <Caption>Post Flush Steps</Caption>
                                    <ParentUrl>\Entity Model\SalesLogix Application Entities\UserLoginAudit\OnAfterInsert.method.xml</ParentUrl>
                                    <CaptionKey>postflush</CaptionKey>
                                  </StepsSubFolderContext>
                                </bundleItem>
                              </children>
                            </bundleItem>
                            <bundleItem modelId="a7bdd2d9-93b0-499d-9fd4-c3f7a5f94e28" itemTypeName="Sage.Platform.Orm.Entities.BundleSupport.BusinessRuleBundleItem, Sage.Platform">
                              <BusinessRuleBundleItem xmlns:xsi="http://www.w3.org/2001/XMLSchema-instance" xmlns:xsd="http://www.w3.org/2001/XMLSchema">
                                <ItemId>52e83b8d-7ab7-4d3c-8dce-3a7bfc1de665</ItemId>
                                <Url>\Entity Model\SalesLogix Application Entities\UserLoginAudit\OnBeforeUpdate.method.xml</Url>
                                <BundleItemType>ModelItem</BundleItemType>
                                <Caption>OnBeforeUpdate</Caption>
                              </BusinessRuleBundleItem>
                              <children>
                                <bundleItem modelId="a7bdd2d9-93b0-499d-9fd4-c3f7a5f94e28" itemTypeName="Sage.Platform.Orm.Entities.BundleSupport.StepsSubFolderContext, Sage.Platform">
                                  <StepsSubFolderContext xmlns:xsi="http://www.w3.org/2001/XMLSchema-instance" xmlns:xsd="http://www.w3.org/2001/XMLSchema">
                                    <ItemId>52e83b8d-7ab7-4d3c-8dce-3a7bfc1de665pre</ItemId>
                                    <Url>\Entity Model\SalesLogix Application Entities\UserLoginAudit\OnBeforeUpdate.method.xml::Pre Execute Steps</Url>
                                    <BundleItemType>Container</BundleItemType>
                                    <Caption>Pre Execute Steps</Caption>
                                    <ParentUrl>\Entity Model\SalesLogix Application Entities\UserLoginAudit\OnBeforeUpdate.method.xml</ParentUrl>
                                    <CaptionKey>pre</CaptionKey>
                                  </StepsSubFolderContext>
                                </bundleItem>
                                <bundleItem modelId="a7bdd2d9-93b0-499d-9fd4-c3f7a5f94e28" itemTypeName="Sage.Platform.Orm.Entities.BundleSupport.StepsSubFolderContext, Sage.Platform">
                                  <StepsSubFolderContext xmlns:xsi="http://www.w3.org/2001/XMLSchema-instance" xmlns:xsd="http://www.w3.org/2001/XMLSchema">
                                    <ItemId>52e83b8d-7ab7-4d3c-8dce-3a7bfc1de665primary</ItemId>
                                    <Url>\Entity Model\SalesLogix Application Entities\UserLoginAudit\OnBeforeUpdate.method.xml::Primary Steps</Url>
                                    <BundleItemType>Container</BundleItemType>
                                    <Caption>Primary Steps</Caption>
                                    <ParentUrl>\Entity Model\SalesLogix Application Entities\UserLoginAudit\OnBeforeUpdate.method.xml</ParentUrl>
                                    <CaptionKey>primary</CaptionKey>
                                  </StepsSubFolderContext>
                                  <children>
                                    <bundleItem modelId="a7bdd2d9-93b0-499d-9fd4-c3f7a5f94e28" itemTypeName="Sage.Platform.Orm.Entities.BundleSupport.BusinessRuleStepBundleItem, Sage.Platform">
                                      <BusinessRuleStepBundleItem xmlns:xsi="http://www.w3.org/2001/XMLSchema-instance" xmlns:xsd="http://www.w3.org/2001/XMLSchema">
                                        <ItemId>f58faeb9-b1ed-4c5b-9136-0f7c9167e100</ItemId>
                                        <Url>\Entity Model\SalesLogix Application Entities\UserLoginAudit\OnBeforeUpdate.method.xml::Primary Steps::OnBeforeUpdate</Url>
                                        <BundleItemType>Other</BundleItemType>
                                        <Caption>OnBeforeUpdate</Caption>
                                        <SerializationOptions>ProcessDependentUrls</SerializationOptions>
                                        <InstallOptions>ProcessDependentUrls</InstallOptions>
                                      </BusinessRuleStepBundleItem>
                                    </bundleItem>
                                  </children>
                                </bundleItem>
                                <bundleItem modelId="a7bdd2d9-93b0-499d-9fd4-c3f7a5f94e28" itemTypeName="Sage.Platform.Orm.Entities.BundleSupport.StepsSubFolderContext, Sage.Platform">
                                  <StepsSubFolderContext xmlns:xsi="http://www.w3.org/2001/XMLSchema-instance" xmlns:xsd="http://www.w3.org/2001/XMLSchema">
                                    <ItemId>52e83b8d-7ab7-4d3c-8dce-3a7bfc1de665post</ItemId>
                                    <Url>\Entity Model\SalesLogix Application Entities\UserLoginAudit\OnBeforeUpdate.method.xml::Post Execute Steps</Url>
                                    <BundleItemType>Container</BundleItemType>
                                    <Caption>Post Execute Steps</Caption>
                                    <ParentUrl>\Entity Model\SalesLogix Application Entities\UserLoginAudit\OnBeforeUpdate.method.xml</ParentUrl>
                                    <CaptionKey>post</CaptionKey>
                                  </StepsSubFolderContext>
                                </bundleItem>
                                <bundleItem modelId="a7bdd2d9-93b0-499d-9fd4-c3f7a5f94e28" itemTypeName="Sage.Platform.Orm.Entities.BundleSupport.StepsSubFolderContext, Sage.Platform">
                                  <StepsSubFolderContext xmlns:xsi="http://www.w3.org/2001/XMLSchema-instance" xmlns:xsd="http://www.w3.org/2001/XMLSchema">
                                    <ItemId>52e83b8d-7ab7-4d3c-8dce-3a7bfc1de665postflush</ItemId>
                                    <Url>\Entity Model\SalesLogix Application Entities\UserLoginAudit\OnBeforeUpdate.method.xml::Post Flush Steps</Url>
                                    <BundleItemType>Container</BundleItemType>
                                    <Caption>Post Flush Steps</Caption>
                                    <ParentUrl>\Entity Model\SalesLogix Application Entities\UserLoginAudit\OnBeforeUpdate.method.xml</ParentUrl>
                                    <CaptionKey>postflush</CaptionKey>
                                  </StepsSubFolderContext>
                                </bundleItem>
                              </children>
                            </bundleItem>
                            <bundleItem modelId="a7bdd2d9-93b0-499d-9fd4-c3f7a5f94e28" itemTypeName="Sage.Platform.Orm.Entities.BundleSupport.BusinessRuleBundleItem, Sage.Platform">
                              <BusinessRuleBundleItem xmlns:xsi="http://www.w3.org/2001/XMLSchema-instance" xmlns:xsd="http://www.w3.org/2001/XMLSchema">
                                <ItemId>243a7dc3-6e9c-4302-99da-7c7fa5202a46</ItemId>
                                <Url>\Entity Model\SalesLogix Application Entities\UserLoginAudit\OnAfterUpdate.method.xml</Url>
                                <BundleItemType>ModelItem</BundleItemType>
                                <Caption>OnAfterUpdate</Caption>
                              </BusinessRuleBundleItem>
                              <children>
                                <bundleItem modelId="a7bdd2d9-93b0-499d-9fd4-c3f7a5f94e28" itemTypeName="Sage.Platform.Orm.Entities.BundleSupport.StepsSubFolderContext, Sage.Platform">
                                  <StepsSubFolderContext xmlns:xsi="http://www.w3.org/2001/XMLSchema-instance" xmlns:xsd="http://www.w3.org/2001/XMLSchema">
                                    <ItemId>243a7dc3-6e9c-4302-99da-7c7fa5202a46pre</ItemId>
                                    <Url>\Entity Model\SalesLogix Application Entities\UserLoginAudit\OnAfterUpdate.method.xml::Pre Execute Steps</Url>
                                    <BundleItemType>Container</BundleItemType>
                                    <Caption>Pre Execute Steps</Caption>
                                    <ParentUrl>\Entity Model\SalesLogix Application Entities\UserLoginAudit\OnAfterUpdate.method.xml</ParentUrl>
                                    <CaptionKey>pre</CaptionKey>
                                  </StepsSubFolderContext>
                                </bundleItem>
                                <bundleItem modelId="a7bdd2d9-93b0-499d-9fd4-c3f7a5f94e28" itemTypeName="Sage.Platform.Orm.Entities.BundleSupport.StepsSubFolderContext, Sage.Platform">
                                  <StepsSubFolderContext xmlns:xsi="http://www.w3.org/2001/XMLSchema-instance" xmlns:xsd="http://www.w3.org/2001/XMLSchema">
                                    <ItemId>243a7dc3-6e9c-4302-99da-7c7fa5202a46primary</ItemId>
                                    <Url>\Entity Model\SalesLogix Application Entities\UserLoginAudit\OnAfterUpdate.method.xml::Primary Steps</Url>
                                    <BundleItemType>Container</BundleItemType>
                                    <Caption>Primary Steps</Caption>
                                    <ParentUrl>\Entity Model\SalesLogix Application Entities\UserLoginAudit\OnAfterUpdate.method.xml</ParentUrl>
                                    <CaptionKey>primary</CaptionKey>
                                  </StepsSubFolderContext>
                                  <children>
                                    <bundleItem modelId="a7bdd2d9-93b0-499d-9fd4-c3f7a5f94e28" itemTypeName="Sage.Platform.Orm.Entities.BundleSupport.BusinessRuleStepBundleItem, Sage.Platform">
                                      <BusinessRuleStepBundleItem xmlns:xsi="http://www.w3.org/2001/XMLSchema-instance" xmlns:xsd="http://www.w3.org/2001/XMLSchema">
                                        <ItemId>5a0b317e-1561-42e7-8711-3c44d070fb3c</ItemId>
                                        <Url>\Entity Model\SalesLogix Application Entities\UserLoginAudit\OnAfterUpdate.method.xml::Primary Steps::OnAfterUpdate</Url>
                                        <BundleItemType>Other</BundleItemType>
                                        <Caption>OnAfterUpdate</Caption>
                                        <SerializationOptions>ProcessDependentUrls</SerializationOptions>
                                        <InstallOptions>ProcessDependentUrls</InstallOptions>
                                      </BusinessRuleStepBundleItem>
                                    </bundleItem>
                                  </children>
                                </bundleItem>
                                <bundleItem modelId="a7bdd2d9-93b0-499d-9fd4-c3f7a5f94e28" itemTypeName="Sage.Platform.Orm.Entities.BundleSupport.StepsSubFolderContext, Sage.Platform">
                                  <StepsSubFolderContext xmlns:xsi="http://www.w3.org/2001/XMLSchema-instance" xmlns:xsd="http://www.w3.org/2001/XMLSchema">
                                    <ItemId>243a7dc3-6e9c-4302-99da-7c7fa5202a46post</ItemId>
                                    <Url>\Entity Model\SalesLogix Application Entities\UserLoginAudit\OnAfterUpdate.method.xml::Post Execute Steps</Url>
                                    <BundleItemType>Container</BundleItemType>
                                    <Caption>Post Execute Steps</Caption>
                                    <ParentUrl>\Entity Model\SalesLogix Application Entities\UserLoginAudit\OnAfterUpdate.method.xml</ParentUrl>
                                    <CaptionKey>post</CaptionKey>
                                  </StepsSubFolderContext>
                                </bundleItem>
                                <bundleItem modelId="a7bdd2d9-93b0-499d-9fd4-c3f7a5f94e28" itemTypeName="Sage.Platform.Orm.Entities.BundleSupport.StepsSubFolderContext, Sage.Platform">
                                  <StepsSubFolderContext xmlns:xsi="http://www.w3.org/2001/XMLSchema-instance" xmlns:xsd="http://www.w3.org/2001/XMLSchema">
                                    <ItemId>243a7dc3-6e9c-4302-99da-7c7fa5202a46postflush</ItemId>
                                    <Url>\Entity Model\SalesLogix Application Entities\UserLoginAudit\OnAfterUpdate.method.xml::Post Flush Steps</Url>
                                    <BundleItemType>Container</BundleItemType>
                                    <Caption>Post Flush Steps</Caption>
                                    <ParentUrl>\Entity Model\SalesLogix Application Entities\UserLoginAudit\OnAfterUpdate.method.xml</ParentUrl>
                                    <CaptionKey>postflush</CaptionKey>
                                  </StepsSubFolderContext>
                                </bundleItem>
                              </children>
                            </bundleItem>
                            <bundleItem modelId="a7bdd2d9-93b0-499d-9fd4-c3f7a5f94e28" itemTypeName="Sage.Platform.Orm.Entities.BundleSupport.BusinessRuleBundleItem, Sage.Platform">
                              <BusinessRuleBundleItem xmlns:xsi="http://www.w3.org/2001/XMLSchema-instance" xmlns:xsd="http://www.w3.org/2001/XMLSchema">
                                <ItemId>ddd8a74a-f3fa-40c2-bdf9-b78774672ae2</ItemId>
                                <Url>\Entity Model\SalesLogix Application Entities\UserLoginAudit\OnBeforeDelete.method.xml</Url>
                                <BundleItemType>ModelItem</BundleItemType>
                                <Caption>OnBeforeDelete</Caption>
                              </BusinessRuleBundleItem>
                              <children>
                                <bundleItem modelId="a7bdd2d9-93b0-499d-9fd4-c3f7a5f94e28" itemTypeName="Sage.Platform.Orm.Entities.BundleSupport.StepsSubFolderContext, Sage.Platform">
                                  <StepsSubFolderContext xmlns:xsi="http://www.w3.org/2001/XMLSchema-instance" xmlns:xsd="http://www.w3.org/2001/XMLSchema">
                                    <ItemId>ddd8a74a-f3fa-40c2-bdf9-b78774672ae2pre</ItemId>
                                    <Url>\Entity Model\SalesLogix Application Entities\UserLoginAudit\OnBeforeDelete.method.xml::Pre Execute Steps</Url>
                                    <BundleItemType>Container</BundleItemType>
                                    <Caption>Pre Execute Steps</Caption>
                                    <ParentUrl>\Entity Model\SalesLogix Application Entities\UserLoginAudit\OnBeforeDelete.method.xml</ParentUrl>
                                    <CaptionKey>pre</CaptionKey>
                                  </StepsSubFolderContext>
                                </bundleItem>
                                <bundleItem modelId="a7bdd2d9-93b0-499d-9fd4-c3f7a5f94e28" itemTypeName="Sage.Platform.Orm.Entities.BundleSupport.StepsSubFolderContext, Sage.Platform">
                                  <StepsSubFolderContext xmlns:xsi="http://www.w3.org/2001/XMLSchema-instance" xmlns:xsd="http://www.w3.org/2001/XMLSchema">
                                    <ItemId>ddd8a74a-f3fa-40c2-bdf9-b78774672ae2primary</ItemId>
                                    <Url>\Entity Model\SalesLogix Application Entities\UserLoginAudit\OnBeforeDelete.method.xml::Primary Steps</Url>
                                    <BundleItemType>Container</BundleItemType>
                                    <Caption>Primary Steps</Caption>
                                    <ParentUrl>\Entity Model\SalesLogix Application Entities\UserLoginAudit\OnBeforeDelete.method.xml</ParentUrl>
                                    <CaptionKey>primary</CaptionKey>
                                  </StepsSubFolderContext>
                                  <children>
                                    <bundleItem modelId="a7bdd2d9-93b0-499d-9fd4-c3f7a5f94e28" itemTypeName="Sage.Platform.Orm.Entities.BundleSupport.BusinessRuleStepBundleItem, Sage.Platform">
                                      <BusinessRuleStepBundleItem xmlns:xsi="http://www.w3.org/2001/XMLSchema-instance" xmlns:xsd="http://www.w3.org/2001/XMLSchema">
                                        <ItemId>98800696-7300-49aa-b39f-6e72ef2f6a97</ItemId>
                                        <Url>\Entity Model\SalesLogix Application Entities\UserLoginAudit\OnBeforeDelete.method.xml::Primary Steps::OnBeforeDelete</Url>
                                        <BundleItemType>Other</BundleItemType>
                                        <Caption>OnBeforeDelete</Caption>
                                        <SerializationOptions>ProcessDependentUrls</SerializationOptions>
                                        <InstallOptions>ProcessDependentUrls</InstallOptions>
                                      </BusinessRuleStepBundleItem>
                                    </bundleItem>
                                  </children>
                                </bundleItem>
                                <bundleItem modelId="a7bdd2d9-93b0-499d-9fd4-c3f7a5f94e28" itemTypeName="Sage.Platform.Orm.Entities.BundleSupport.StepsSubFolderContext, Sage.Platform">
                                  <StepsSubFolderContext xmlns:xsi="http://www.w3.org/2001/XMLSchema-instance" xmlns:xsd="http://www.w3.org/2001/XMLSchema">
                                    <ItemId>ddd8a74a-f3fa-40c2-bdf9-b78774672ae2post</ItemId>
                                    <Url>\Entity Model\SalesLogix Application Entities\UserLoginAudit\OnBeforeDelete.method.xml::Post Execute Steps</Url>
                                    <BundleItemType>Container</BundleItemType>
                                    <Caption>Post Execute Steps</Caption>
                                    <ParentUrl>\Entity Model\SalesLogix Application Entities\UserLoginAudit\OnBeforeDelete.method.xml</ParentUrl>
                                    <CaptionKey>post</CaptionKey>
                                  </StepsSubFolderContext>
                                </bundleItem>
                                <bundleItem modelId="a7bdd2d9-93b0-499d-9fd4-c3f7a5f94e28" itemTypeName="Sage.Platform.Orm.Entities.BundleSupport.StepsSubFolderContext, Sage.Platform">
                                  <StepsSubFolderContext xmlns:xsi="http://www.w3.org/2001/XMLSchema-instance" xmlns:xsd="http://www.w3.org/2001/XMLSchema">
                                    <ItemId>ddd8a74a-f3fa-40c2-bdf9-b78774672ae2postflush</ItemId>
                                    <Url>\Entity Model\SalesLogix Application Entities\UserLoginAudit\OnBeforeDelete.method.xml::Post Flush Steps</Url>
                                    <BundleItemType>Container</BundleItemType>
                                    <Caption>Post Flush Steps</Caption>
                                    <ParentUrl>\Entity Model\SalesLogix Application Entities\UserLoginAudit\OnBeforeDelete.method.xml</ParentUrl>
                                    <CaptionKey>postflush</CaptionKey>
                                  </StepsSubFolderContext>
                                </bundleItem>
                              </children>
                            </bundleItem>
                            <bundleItem modelId="a7bdd2d9-93b0-499d-9fd4-c3f7a5f94e28" itemTypeName="Sage.Platform.Orm.Entities.BundleSupport.BusinessRuleBundleItem, Sage.Platform">
                              <BusinessRuleBundleItem xmlns:xsi="http://www.w3.org/2001/XMLSchema-instance" xmlns:xsd="http://www.w3.org/2001/XMLSchema">
                                <ItemId>cdbad34a-775b-49ce-a9b1-8d35e0bbe93e</ItemId>
                                <Url>\Entity Model\SalesLogix Application Entities\UserLoginAudit\OnAfterDelete.method.xml</Url>
                                <BundleItemType>ModelItem</BundleItemType>
                                <Caption>OnAfterDelete</Caption>
                              </BusinessRuleBundleItem>
                              <children>
                                <bundleItem modelId="a7bdd2d9-93b0-499d-9fd4-c3f7a5f94e28" itemTypeName="Sage.Platform.Orm.Entities.BundleSupport.StepsSubFolderContext, Sage.Platform">
                                  <StepsSubFolderContext xmlns:xsi="http://www.w3.org/2001/XMLSchema-instance" xmlns:xsd="http://www.w3.org/2001/XMLSchema">
                                    <ItemId>cdbad34a-775b-49ce-a9b1-8d35e0bbe93epre</ItemId>
                                    <Url>\Entity Model\SalesLogix Application Entities\UserLoginAudit\OnAfterDelete.method.xml::Pre Execute Steps</Url>
                                    <BundleItemType>Container</BundleItemType>
                                    <Caption>Pre Execute Steps</Caption>
                                    <ParentUrl>\Entity Model\SalesLogix Application Entities\UserLoginAudit\OnAfterDelete.method.xml</ParentUrl>
                                    <CaptionKey>pre</CaptionKey>
                                  </StepsSubFolderContext>
                                </bundleItem>
                                <bundleItem modelId="a7bdd2d9-93b0-499d-9fd4-c3f7a5f94e28" itemTypeName="Sage.Platform.Orm.Entities.BundleSupport.StepsSubFolderContext, Sage.Platform">
                                  <StepsSubFolderContext xmlns:xsi="http://www.w3.org/2001/XMLSchema-instance" xmlns:xsd="http://www.w3.org/2001/XMLSchema">
                                    <ItemId>cdbad34a-775b-49ce-a9b1-8d35e0bbe93eprimary</ItemId>
                                    <Url>\Entity Model\SalesLogix Application Entities\UserLoginAudit\OnAfterDelete.method.xml::Primary Steps</Url>
                                    <BundleItemType>Container</BundleItemType>
                                    <Caption>Primary Steps</Caption>
                                    <ParentUrl>\Entity Model\SalesLogix Application Entities\UserLoginAudit\OnAfterDelete.method.xml</ParentUrl>
                                    <CaptionKey>primary</CaptionKey>
                                  </StepsSubFolderContext>
                                  <children>
                                    <bundleItem modelId="a7bdd2d9-93b0-499d-9fd4-c3f7a5f94e28" itemTypeName="Sage.Platform.Orm.Entities.BundleSupport.BusinessRuleStepBundleItem, Sage.Platform">
                                      <BusinessRuleStepBundleItem xmlns:xsi="http://www.w3.org/2001/XMLSchema-instance" xmlns:xsd="http://www.w3.org/2001/XMLSchema">
                                        <ItemId>360addcb-2ab6-4399-8d0e-568c1419449c</ItemId>
                                        <Url>\Entity Model\SalesLogix Application Entities\UserLoginAudit\OnAfterDelete.method.xml::Primary Steps::OnAfterDelete</Url>
                                        <BundleItemType>Other</BundleItemType>
                                        <Caption>OnAfterDelete</Caption>
                                        <SerializationOptions>ProcessDependentUrls</SerializationOptions>
                                        <InstallOptions>ProcessDependentUrls</InstallOptions>
                                      </BusinessRuleStepBundleItem>
                                    </bundleItem>
                                  </children>
                                </bundleItem>
                                <bundleItem modelId="a7bdd2d9-93b0-499d-9fd4-c3f7a5f94e28" itemTypeName="Sage.Platform.Orm.Entities.BundleSupport.StepsSubFolderContext, Sage.Platform">
                                  <StepsSubFolderContext xmlns:xsi="http://www.w3.org/2001/XMLSchema-instance" xmlns:xsd="http://www.w3.org/2001/XMLSchema">
                                    <ItemId>cdbad34a-775b-49ce-a9b1-8d35e0bbe93epost</ItemId>
                                    <Url>\Entity Model\SalesLogix Application Entities\UserLoginAudit\OnAfterDelete.method.xml::Post Execute Steps</Url>
                                    <BundleItemType>Container</BundleItemType>
                                    <Caption>Post Execute Steps</Caption>
                                    <ParentUrl>\Entity Model\SalesLogix Application Entities\UserLoginAudit\OnAfterDelete.method.xml</ParentUrl>
                                    <CaptionKey>post</CaptionKey>
                                  </StepsSubFolderContext>
                                </bundleItem>
                                <bundleItem modelId="a7bdd2d9-93b0-499d-9fd4-c3f7a5f94e28" itemTypeName="Sage.Platform.Orm.Entities.BundleSupport.StepsSubFolderContext, Sage.Platform">
                                  <StepsSubFolderContext xmlns:xsi="http://www.w3.org/2001/XMLSchema-instance" xmlns:xsd="http://www.w3.org/2001/XMLSchema">
                                    <ItemId>cdbad34a-775b-49ce-a9b1-8d35e0bbe93epostflush</ItemId>
                                    <Url>\Entity Model\SalesLogix Application Entities\UserLoginAudit\OnAfterDelete.method.xml::Post Flush Steps</Url>
                                    <BundleItemType>Container</BundleItemType>
                                    <Caption>Post Flush Steps</Caption>
                                    <ParentUrl>\Entity Model\SalesLogix Application Entities\UserLoginAudit\OnAfterDelete.method.xml</ParentUrl>
                                    <CaptionKey>postflush</CaptionKey>
                                  </StepsSubFolderContext>
                                </bundleItem>
                              </children>
                            </bundleItem>
                            <bundleItem modelId="a7bdd2d9-93b0-499d-9fd4-c3f7a5f94e28" itemTypeName="Sage.Platform.Orm.Entities.BundleSupport.BusinessRuleBundleItem, Sage.Platform">
                              <BusinessRuleBundleItem xmlns:xsi="http://www.w3.org/2001/XMLSchema-instance" xmlns:xsd="http://www.w3.org/2001/XMLSchema">
                                <ItemId>36797374-e399-43dc-a431-c3ccd20b152f</ItemId>
                                <Url>\Entity Model\SalesLogix Application Entities\UserLoginAudit\OnCreate.method.xml</Url>
                                <BundleItemType>ModelItem</BundleItemType>
                                <Caption>OnCreate</Caption>
                              </BusinessRuleBundleItem>
                              <children>
                                <bundleItem modelId="a7bdd2d9-93b0-499d-9fd4-c3f7a5f94e28" itemTypeName="Sage.Platform.Orm.Entities.BundleSupport.StepsSubFolderContext, Sage.Platform">
                                  <StepsSubFolderContext xmlns:xsi="http://www.w3.org/2001/XMLSchema-instance" xmlns:xsd="http://www.w3.org/2001/XMLSchema">
                                    <ItemId>36797374-e399-43dc-a431-c3ccd20b152fpre</ItemId>
                                    <Url>\Entity Model\SalesLogix Application Entities\UserLoginAudit\OnCreate.method.xml::Pre Execute Steps</Url>
                                    <BundleItemType>Container</BundleItemType>
                                    <Caption>Pre Execute Steps</Caption>
                                    <ParentUrl>\Entity Model\SalesLogix Application Entities\UserLoginAudit\OnCreate.method.xml</ParentUrl>
                                    <CaptionKey>pre</CaptionKey>
                                  </StepsSubFolderContext>
                                </bundleItem>
                                <bundleItem modelId="a7bdd2d9-93b0-499d-9fd4-c3f7a5f94e28" itemTypeName="Sage.Platform.Orm.Entities.BundleSupport.StepsSubFolderContext, Sage.Platform">
                                  <StepsSubFolderContext xmlns:xsi="http://www.w3.org/2001/XMLSchema-instance" xmlns:xsd="http://www.w3.org/2001/XMLSchema">
                                    <ItemId>36797374-e399-43dc-a431-c3ccd20b152fprimary</ItemId>
                                    <Url>\Entity Model\SalesLogix Application Entities\UserLoginAudit\OnCreate.method.xml::Primary Steps</Url>
                                    <BundleItemType>Container</BundleItemType>
                                    <Caption>Primary Steps</Caption>
                                    <ParentUrl>\Entity Model\SalesLogix Application Entities\UserLoginAudit\OnCreate.method.xml</ParentUrl>
                                    <CaptionKey>primary</CaptionKey>
                                  </StepsSubFolderContext>
                                  <children>
                                    <bundleItem modelId="a7bdd2d9-93b0-499d-9fd4-c3f7a5f94e28" itemTypeName="Sage.Platform.Orm.Entities.BundleSupport.BusinessRuleStepBundleItem, Sage.Platform">
                                      <BusinessRuleStepBundleItem xmlns:xsi="http://www.w3.org/2001/XMLSchema-instance" xmlns:xsd="http://www.w3.org/2001/XMLSchema">
                                        <ItemId>01811e9c-bc9d-471a-826a-53505cea01ed</ItemId>
                                        <Url>\Entity Model\SalesLogix Application Entities\UserLoginAudit\OnCreate.method.xml::Primary Steps::OnCreate</Url>
                                        <BundleItemType>Other</BundleItemType>
                                        <Caption>OnCreate</Caption>
                                        <SerializationOptions>ProcessDependentUrls</SerializationOptions>
                                        <InstallOptions>ProcessDependentUrls</InstallOptions>
                                      </BusinessRuleStepBundleItem>
                                    </bundleItem>
                                  </children>
                                </bundleItem>
                                <bundleItem modelId="a7bdd2d9-93b0-499d-9fd4-c3f7a5f94e28" itemTypeName="Sage.Platform.Orm.Entities.BundleSupport.StepsSubFolderContext, Sage.Platform">
                                  <StepsSubFolderContext xmlns:xsi="http://www.w3.org/2001/XMLSchema-instance" xmlns:xsd="http://www.w3.org/2001/XMLSchema">
                                    <ItemId>36797374-e399-43dc-a431-c3ccd20b152fpost</ItemId>
                                    <Url>\Entity Model\SalesLogix Application Entities\UserLoginAudit\OnCreate.method.xml::Post Execute Steps</Url>
                                    <BundleItemType>Container</BundleItemType>
                                    <Caption>Post Execute Steps</Caption>
                                    <ParentUrl>\Entity Model\SalesLogix Application Entities\UserLoginAudit\OnCreate.method.xml</ParentUrl>
                                    <CaptionKey>post</CaptionKey>
                                  </StepsSubFolderContext>
                                </bundleItem>
                                <bundleItem modelId="a7bdd2d9-93b0-499d-9fd4-c3f7a5f94e28" itemTypeName="Sage.Platform.Orm.Entities.BundleSupport.StepsSubFolderContext, Sage.Platform">
                                  <StepsSubFolderContext xmlns:xsi="http://www.w3.org/2001/XMLSchema-instance" xmlns:xsd="http://www.w3.org/2001/XMLSchema">
                                    <ItemId>36797374-e399-43dc-a431-c3ccd20b152fpostflush</ItemId>
                                    <Url>\Entity Model\SalesLogix Application Entities\UserLoginAudit\OnCreate.method.xml::Post Flush Steps</Url>
                                    <BundleItemType>Container</BundleItemType>
                                    <Caption>Post Flush Steps</Caption>
                                    <ParentUrl>\Entity Model\SalesLogix Application Entities\UserLoginAudit\OnCreate.method.xml</ParentUrl>
                                    <CaptionKey>postflush</CaptionKey>
                                  </StepsSubFolderContext>
                                </bundleItem>
                              </children>
                            </bundleItem>
                          </children>
                        </bundleItem>
                        <bundleItem modelId="a7bdd2d9-93b0-499d-9fd4-c3f7a5f94e28" itemTypeName="Sage.Platform.Orm.Entities.BundleSupport.EntitySubFolderContext, Sage.Platform">
                          <EntitySubFolderContext xmlns:xsi="http://www.w3.org/2001/XMLSchema-instance" xmlns:xsd="http://www.w3.org/2001/XMLSchema">
                            <ItemId>01b62dab-e2fc-4b8b-8b64-29085efb8d67filters</ItemId>
                            <Url>\Entity Model\SalesLogix Application Entities\UserLoginAudit\UserLoginAudit.USER_LOGIN_AUDIT.entity.xml::Filters</Url>
                            <BundleItemType>Container</BundleItemType>
                            <Caption>Filters</Caption>
                            <ParentUrl>\Entity Model\SalesLogix Application Entities\UserLoginAudit\UserLoginAudit.USER_LOGIN_AUDIT.entity.xml</ParentUrl>
                            <CaptionKey>filters</CaptionKey>
                          </EntitySubFolderContext>
                        </bundleItem>
                      </children>
                    </bundleItem>
                  </children>
                </bundleItem>
              </children>
            </bundleItem>
          </children>
        </bundleItem>
        <bundleItem modelId="73d4e7d0-a7fa-40ae-8b45-1ad7ed954154" itemTypeName="Sage.Platform.WebPortal.Design.BundleSupport.ManagerBundleItem, Sage.Platform.WebPortal.Design">
          <ManagerBundleItem xmlns:xsi="http://www.w3.org/2001/XMLSchema-instance" xmlns:xsd="http://www.w3.org/2001/XMLSchema">
            <ItemId>\Portal</ItemId>
            <Url>\Portal</Url>
            <BundleItemType>Container</BundleItemType>
            <Caption>Portals</Caption>
          </ManagerBundleItem>
          <children>
            <bundleItem modelId="73d4e7d0-a7fa-40ae-8b45-1ad7ed954154" itemTypeName="Sage.Platform.WebPortal.Design.BundleSupport.ModelItemBundleItem, Sage.Platform.WebPortal.Design">
              <ModelItemBundleItem xmlns:xsi="http://www.w3.org/2001/XMLSchema-instance" xmlns:xsd="http://www.w3.org/2001/XMLSchema">
                <ItemId>861ac5fe-b571-4015-a55d-bf63e400e1e7</ItemId>
                <Url>\Portal\SlxClient\SlxClient.portal.xml</Url>
                <BundleItemType>Context</BundleItemType>
                <Caption>Sage SalesLogix</Caption>
              </ModelItemBundleItem>
              <children>
                <bundleItem modelId="73d4e7d0-a7fa-40ae-8b45-1ad7ed954154" itemTypeName="Sage.Platform.WebPortal.Design.BundleSupport.LinkedFolderBundleItem, Sage.Platform.WebPortal.Design">
                  <LinkedFolderBundleItem xmlns:xsi="http://www.w3.org/2001/XMLSchema-instance" xmlns:xsd="http://www.w3.org/2001/XMLSchema">
                    <ItemId>\Portal\SlxClient\SlxClient.portal.xml\SupportFiles</ItemId>
                    <Url>\Portal\SlxClient\SlxClient.portal.xml\SupportFiles</Url>
                    <BundleItemType>Context</BundleItemType>
                    <Caption>SupportFiles</Caption>
                    <InstallOptions>SkipItemAndChildren</InstallOptions>
                  </LinkedFolderBundleItem>
                  <children>
                    <bundleItem modelId="73d4e7d0-a7fa-40ae-8b45-1ad7ed954154" itemTypeName="Sage.Platform.WebPortal.Design.BundleSupport.LinkedFolderBundleItem, Sage.Platform.WebPortal.Design">
                      <LinkedFolderBundleItem xmlns:xsi="http://www.w3.org/2001/XMLSchema-instance" xmlns:xsd="http://www.w3.org/2001/XMLSchema">
                        <ItemId>\Portal\SlxClient\SlxClient.portal.xml\SupportFiles\Bin</ItemId>
                        <Url>\Portal\SlxClient\SlxClient.portal.xml\SupportFiles\Bin</Url>
                        <BundleItemType>Context</BundleItemType>
                        <Caption>Bin</Caption>
                        <InstallOptions>SkipItemAndChildren</InstallOptions>
                      </LinkedFolderBundleItem>
                      <children>
                        <bundleItem modelId="73d4e7d0-a7fa-40ae-8b45-1ad7ed954154" itemTypeName="Sage.Platform.WebPortal.Design.BundleSupport.LinkedFileBundleItem, Sage.Platform.WebPortal.Design">
                          <LinkedFileBundleItem xmlns:xsi="http://www.w3.org/2001/XMLSchema-instance" xmlns:xsd="http://www.w3.org/2001/XMLSchema">
                            <ItemId>\Portal\SlxClient\SupportFiles\Bin\FX.User.LoginAudit.dll</ItemId>
                            <Url>\Portal\SlxClient\SupportFiles\Bin\FX.User.LoginAudit.dll</Url>
                            <BundleItemType>Other</BundleItemType>
                            <Caption>FX.User.LoginAudit.dll</Caption>
                            <InstallOptions>SkipItemAndChildren</InstallOptions>
                            <IsLinkedFile>false</IsLinkedFile>
                            <SourcePath>VFS:\Model\Portal\SlxClient\SupportFiles\Bin\FX.User.LoginAudit.dll</SourcePath>
                            <ParentModelItemUrl>\Portal\SlxClient\SlxClient.portal.xml</ParentModelItemUrl>
                            <ProjectPath>SupportFiles\Bin\FX.User.LoginAudit.dll</ProjectPath>
                          </LinkedFileBundleItem>
                        </bundleItem>
                      </children>
                    </bundleItem>
                  </children>
                </bundleItem>
                <bundleItem modelId="73d4e7d0-a7fa-40ae-8b45-1ad7ed954154" itemTypeName="Sage.Platform.WebPortal.Design.BundleSupport.ContainerBundleItem, Sage.Platform.WebPortal.Design">
                  <ContainerBundleItem xmlns:xsi="http://www.w3.org/2001/XMLSchema-instance" xmlns:xsd="http://www.w3.org/2001/XMLSchema">
                    <ItemId>\Portal\SlxClient\SlxClient.portal.xml\Modules</ItemId>
                    <Url>\Portal\SlxClient\SlxClient.portal.xml\Modules</Url>
                    <BundleItemType>Container</BundleItemType>
                    <Caption>Modules</Caption>
                  </ContainerBundleItem>
                  <children>
                    <bundleItem modelId="73d4e7d0-a7fa-40ae-8b45-1ad7ed954154" itemTypeName="Sage.Platform.WebPortal.Design.BundleSupport.ModelItemBundleItem, Sage.Platform.WebPortal.Design">
                      <ModelItemBundleItem xmlns:xsi="http://www.w3.org/2001/XMLSchema-instance" xmlns:xsd="http://www.w3.org/2001/XMLSchema">
                        <ItemId>a6b909db-0723-4954-9e34-16eee88daa11</ItemId>
                        <Url>\Portal\SlxClient\Modules\FX.User.LoginAudit.AuditModule.module.xml</Url>
                        <BundleItemType>ModelItem</BundleItemType>
                        <Caption>FX.User.LoginAudit.AuditModule</Caption>
                        <InstallOrderOptions>
                          <BeforeAll>false</BeforeAll>
                          <InstallAfter>b08c0f74-547c-4523-aca3-54332c375e86</InstallAfter>
                        </InstallOrderOptions>
                      </ModelItemBundleItem>
                    </bundleItem>
                  </children>
                </bundleItem>
              </children>
            </bundleItem>
          </children>
        </bundleItem>
      </children>
    </bundleItem>
  </bundleItemHierarchy>
  <bundleActionHierarchy>
    <bundleItem modelId="af988c91-97c8-4527-b072-e021c9e2cb1a" itemTypeName="Sage.Platform.BundleModel.RootBundleAction, Sage.Platform.BundleModel">
      <RootBundleAction xmlns:xsi="http://www.w3.org/2001/XMLSchema-instance" xmlns:xsd="http://www.w3.org/2001/XMLSchema">
        <ItemId>\Actions</ItemId>
        <Url>\Actions</Url>
        <BundleItemType>Container</BundleItemType>
        <Caption>Bundle Actions</Caption>
      </RootBundleAction>
    </bundleItem>
  </bundleActionHierarchy>
  <itemsToDelete />
  <globalResources />
</BundleManifest>