<?xml version="1.0"?>
<entity xmlns:xsi="http://www.w3.org/2001/XMLSchema-instance" xmlns:xsd="http://www.w3.org/2001/XMLSchema" id="01b62dab-e2fc-4b8b-8b64-29085efb8d67" lastModifiedUtc="2011-01-03T22:26:12.9693477Z" manageSchema="false" tableName="USER_LOGIN_AUDIT" name="UserLoginAudit" isExtension="false" audited="false" lastUpdatedPropertyId="3ac881b4-1e13-4d11-8a29-cf8c1d47d1c0" onBeforeInsertMethodId="fede8714-7ae3-4270-94b1-cc5a8effa847" onAfterInsertMethodId="a28cb803-544b-4b27-b1c8-10226c7d152b" onBeforeUpdateMethodId="52e83b8d-7ab7-4d3c-8dce-3a7bfc1de665" onAfterUpdateMethodId="243a7dc3-6e9c-4302-99da-7c7fa5202a46" onBeforeDeleteMethodId="ddd8a74a-f3fa-40c2-bdf9-b78774672ae2" onAfterDeleteMethodId="cdbad34a-775b-49ce-a9b1-8d35e0bbe93e" onCreateId="36797374-e399-43dc-a431-c3ccd20b152f">
  <extendedMetaData />
  <ExtendedPropertiesCollection>
    <extendee type="Sage.Platform.Orm.Entities.OrmEntity">
      <extender guid="1589723d-0536-4bf3-bdd7-3f6f7fe165d0">
        <OrmEntityMetadataExtension>
          <IsHistoryTable>false</IsHistoryTable>
        </OrmEntityMetadataExtension>
      </extender>
    </extendee>
  </ExtendedPropertiesCollection>
  <keyProperties>
    <keyReference id="319f7010-3d22-4b47-adbe-91e8d36d8636" ordinalPosition="1" />
  </keyProperties>
  <properties>
    <property xsi:type="OrmFieldProperty" id="319f7010-3d22-4b47-adbe-91e8d36d8636" lastModifiedUtc="2011-01-03T22:26:08.2507185Z" name="User_login_auditId" audited="false" isNullable="false" columnName="USER_LOGIN_AUDITID" maxLength="12" precision="0" scale="0" ordinal="0" isReadOnly="false">
      <ExtendedPropertiesCollection>
        <extendee type="Sage.Platform.Orm.Entities.OrmFieldProperty" />
      </ExtendedPropertiesCollection>
      <SystemDataType guid="30053f5a-8d40-4db1-b185-1e4128eb26cc">
        <StandardIdDataType />
      </SystemDataType>
    </property>
    <property xsi:type="OrmFieldProperty" id="292bc382-f2b5-42d6-b9fd-8ded34cb386c" lastModifiedUtc="2011-01-03T22:26:08.2819677Z" name="CreateUser" audited="false" columnName="CREATEUSER" maxLength="12" precision="0" scale="0" ordinal="1" isReadOnly="false">
      <ExtendedPropertiesCollection>
        <extendee type="Sage.Platform.Orm.Entities.OrmFieldProperty" />
      </ExtendedPropertiesCollection>
      <SystemDataType guid="30053f5a-8d40-4db1-b185-1e4128eb26cc">
        <StandardIdDataType />
      </SystemDataType>
    </property>
    <property xsi:type="OrmFieldProperty" id="43d0a874-5605-44ce-ab52-145d5fdd7c8c" lastModifiedUtc="2011-01-03T22:26:08.2975923Z" name="CreateDate" audited="false" columnName="CREATEDATE" maxLength="0" precision="0" scale="0" ordinal="2" isReadOnly="false">
      <ExtendedPropertiesCollection>
        <extendee type="Sage.Platform.Orm.Entities.OrmFieldProperty" />
      </ExtendedPropertiesCollection>
      <SystemDataType guid="1f08f2eb-87c8-443b-a7c2-a51f590923f5">
        <DateTimeDataType />
      </SystemDataType>
    </property>
    <property xsi:type="OrmFieldProperty" id="51c65cf3-e8dd-4f32-aa54-790d87c336a6" lastModifiedUtc="2011-01-03T22:26:08.2975923Z" name="ModifyUser" audited="false" columnName="MODIFYUSER" maxLength="12" precision="0" scale="0" ordinal="3" isReadOnly="false">
      <ExtendedPropertiesCollection>
        <extendee type="Sage.Platform.Orm.Entities.OrmFieldProperty" />
      </ExtendedPropertiesCollection>
      <SystemDataType guid="30053f5a-8d40-4db1-b185-1e4128eb26cc">
        <StandardIdDataType />
      </SystemDataType>
    </property>
    <property xsi:type="OrmFieldProperty" id="3ac881b4-1e13-4d11-8a29-cf8c1d47d1c0" lastModifiedUtc="2011-01-03T22:26:08.2975923Z" name="ModifyDate" audited="false" columnName="MODIFYDATE" maxLength="0" precision="0" scale="0" ordinal="4" isReadOnly="false">
      <ExtendedPropertiesCollection>
        <extendee type="Sage.Platform.Orm.Entities.OrmFieldProperty" />
      </ExtendedPropertiesCollection>
      <SystemDataType guid="1f08f2eb-87c8-443b-a7c2-a51f590923f5">
        <DateTimeDataType />
      </SystemDataType>
    </property>
    <property xsi:type="OrmFieldProperty" id="6e5c4054-17c2-4579-b7bb-4fe1258b45d8" lastModifiedUtc="2011-01-03T22:26:08.3288415Z" name="USERID" audited="false" columnName="USERID" maxLength="12" precision="0" scale="0" ordinal="5" isReadOnly="false">
      <ExtendedPropertiesCollection>
        <extendee type="Sage.Platform.Orm.Entities.OrmFieldProperty" />
      </ExtendedPropertiesCollection>
      <SystemDataType guid="30053f5a-8d40-4db1-b185-1e4128eb26cc">
        <StandardIdDataType />
      </SystemDataType>
    </property>
    <property xsi:type="OrmFieldProperty" id="3fac6a02-248a-4a56-a1d9-f8cefcf5344f" lastModifiedUtc="2011-01-03T22:26:08.3757153Z" name="Login1" audited="false" columnName="LOGIN" maxLength="0" precision="0" scale="0" ordinal="6" isReadOnly="false">
      <ExtendedPropertiesCollection>
        <extendee type="Sage.Platform.Orm.Entities.OrmFieldProperty" />
      </ExtendedPropertiesCollection>
      <SystemDataType guid="1f08f2eb-87c8-443b-a7c2-a51f590923f5">
        <DateTimeDataType />
      </SystemDataType>
    </property>
    <property xsi:type="OrmFieldProperty" id="3ec3fd05-2872-4b0a-98e2-5ebb90a07efb" lastModifiedUtc="2011-01-03T22:26:08.3757153Z" name="Login2" audited="false" columnName="LOGIN2" maxLength="0" precision="0" scale="0" ordinal="7" isReadOnly="false">
      <ExtendedPropertiesCollection>
        <extendee type="Sage.Platform.Orm.Entities.OrmFieldProperty" />
      </ExtendedPropertiesCollection>
      <SystemDataType guid="1f08f2eb-87c8-443b-a7c2-a51f590923f5">
        <DateTimeDataType />
      </SystemDataType>
    </property>
    <property xsi:type="OrmFieldProperty" id="f7c94ad7-4ceb-463e-badc-76acc2620a3a" lastModifiedUtc="2011-01-03T22:26:08.3757153Z" name="Login3" audited="false" columnName="LOGIN3" maxLength="0" precision="0" scale="0" ordinal="8" isReadOnly="false">
      <ExtendedPropertiesCollection>
        <extendee type="Sage.Platform.Orm.Entities.OrmFieldProperty" />
      </ExtendedPropertiesCollection>
      <SystemDataType guid="1f08f2eb-87c8-443b-a7c2-a51f590923f5">
        <DateTimeDataType />
      </SystemDataType>
    </property>
    <property xsi:type="OrmFieldProperty" id="2e6f03e0-24a6-4265-8e8e-9403c1b7a2ea" lastModifiedUtc="2011-01-03T22:26:08.3913399Z" name="Login4" audited="false" columnName="LOGIN4" maxLength="0" precision="0" scale="0" ordinal="9" isReadOnly="false">
      <ExtendedPropertiesCollection>
        <extendee type="Sage.Platform.Orm.Entities.OrmFieldProperty" />
      </ExtendedPropertiesCollection>
      <SystemDataType guid="1f08f2eb-87c8-443b-a7c2-a51f590923f5">
        <DateTimeDataType />
      </SystemDataType>
    </property>
    <property xsi:type="OrmFieldProperty" id="86f7729f-ba21-4283-bf48-049ee13849ba" lastModifiedUtc="2011-01-03T22:26:08.3913399Z" name="Login5" audited="false" columnName="LOGIN5" maxLength="0" precision="0" scale="0" ordinal="10" isReadOnly="false">
      <ExtendedPropertiesCollection>
        <extendee type="Sage.Platform.Orm.Entities.OrmFieldProperty" />
      </ExtendedPropertiesCollection>
      <SystemDataType guid="1f08f2eb-87c8-443b-a7c2-a51f590923f5">
        <DateTimeDataType />
      </SystemDataType>
    </property>
  </properties>
</entity>